industry,industry_uuid,category,subcategory_1,subcategory_2,uuid,name,description,price,cost,taxable,unit_of_measure,task_code,online_booking_enabled
Property Manager,ind_b9613f32edc644bfa6c7e09b40798b8d,Property manager,Property manager,Property Management Services,olit_d4d9bbcd3d7946d5a64daf45edab1398,Home Watch Services,"Regular property inspections to ensure the client's home is safe and secure while they're away. Includes checks for security, plumbing, HVAC, and weather-related issues. A detailed report with photos is provided after each visit.",$0.00,$0.00,false,"","",false
Home Cleaning,ind_dd88b46f5da742d7b8e679dc57dd329f,"0-1,000 Sq Ft","","",olit_407142be7e7346e99fb0a27af95184fe,Monthly House Cleaning,"Get a fresh start every month. Our team of professionals will clean your home with care, making sure everything looks excellent.
Monthly cleaning appointments are scheduled every four weeks. 

The first cleaning will be charged at the Initial Cleaning price.",$199.59,$109.77,false,"","",true
Home Cleaning,ind_dd88b46f5da742d7b8e679dc57dd329f,"0-1,000 Sq Ft","","",olit_0eaca717a15b4d689a07a149dc787997,Moving Cleaning,"Leave the cleaning to us when moving in or out. Our highly trained team will handle the deep cleaning, making the space spotless for the next residents.",$532.09,$292.64,false,"","",true
Home Cleaning,ind_dd88b46f5da742d7b8e679dc57dd329f,"0-1,000 Sq Ft","","",olit_c9eb19a55d7f4c7c9cb03408224920fe,One-Time House Cleaning,"Perfect for a deep clean or special occasion. Our team works efficiently to give your home a detailed cleaning, leaving it spotless.",$425.67,$234.11,false,"","",true
Home Cleaning,ind_dd88b46f5da742d7b8e679dc57dd329f,"0-1,000 Sq Ft","","",olit_8d71f1a5021b42c3b32c36014dcd605c,Weekly House Cleaning,"Enjoy a consistently clean home without lifting a finger. Our trained team provides efficient, thorough cleaning every week so you can take back your time.

The first cleaning will be charged at the Initial Cleaning price.",$122.28,$67.25,false,"","",true
Home Cleaning,ind_dd88b46f5da742d7b8e679dc57dd329f,"0-1,000 Sq Ft","","",olit_0d63cab3139c4880a8279f31f03c87fa,Vacation Rental Cleaning,"Comprehensive cleaning service tailored for vacation rentals. Includes thorough cleaning of all rooms, sanitization of high-touch surfaces, meticulous attention to detail in kitchens and bathrooms, bed linen change, laundry service for towels and bedding (as needed), and preparation for guest arrivals. We ensure your property is spotless, welcoming, and ready for your next guests, maintaining the highest standards of cleanliness to enhance guest satisfaction.",$0.00,$0.00,false,"","",false
Home Cleaning,ind_dd88b46f5da742d7b8e679dc57dd329f,"1,601-1,900 Sq Ft","","",olit_5293bbf75af34420bd8bdd89a57aa5b1,Vacation Rental Cleaning,"Comprehensive cleaning service tailored for vacation rentals. Includes thorough cleaning of all rooms, sanitization of high-touch surfaces, meticulous attention to detail in kitchens and bathrooms, bed linen change, laundry service for towels and bedding (as needed), and preparation for guest arrivals. We ensure your property is spotless, welcoming, and ready for your next guests, maintaining the highest standards of cleanliness to enhance guest satisfaction.",$0.00,$0.00,false,"","",false
Home Cleaning,ind_dd88b46f5da742d7b8e679dc57dd329f,Additional Services,"","",olit_601e55b9bb044712990303cc45891d43,Grill Deep-Cleaning,"We remove built-up grease, grime, and food residue to ensure a fresh start for your next BBQ. Enjoy a cleaner, more efficient grill with our thorough service.",$75.00,$41.25,false,"","",false
Home Cleaning,ind_dd88b46f5da742d7b8e679dc57dd329f,"2,201-2,500 Sq Ft","","",olit_3ba2a1dd52a54e909f4ee28ef3360546,Biweekly House Cleaning,"Keep your home fresh and tidy with biweekly visits from our expert team. We ensure thorough cleaning while maintaining your space with care.
",$225.78,$140.67,false,"","",true
Home Cleaning,ind_dd88b46f5da742d7b8e679dc57dd329f,"1,001-1,300 Sq Ft","","",olit_6a265947ea6f446c951d585d8245b5a8,Vacation Rental Cleaning,"Comprehensive cleaning service tailored for vacation rentals. Includes thorough cleaning of all rooms, sanitization of high-touch surfaces, meticulous attention to detail in kitchens and bathrooms, bed linen change, laundry service for towels and bedding (as needed), and preparation for guest arrivals. We ensure your property is spotless, welcoming, and ready for your next guests, maintaining the highest standards of cleanliness to enhance guest satisfaction.",$0.00,$0.00,false,"","",false
Home Cleaning,ind_dd88b46f5da742d7b8e679dc57dd329f,"1,901-2,200 Sq Ft","","",olit_0128e567de82461dba11abcbe0997e77,Biweekly House Cleaning,"Keep your home fresh and tidy with biweekly visits from our expert team. We ensure thorough cleaning while maintaining your space with care.
",$213.61,$117.48,false,"","",true
Home Cleaning,ind_dd88b46f5da742d7b8e679dc57dd329f,"1,901-2,200 Sq Ft","","",olit_d77581535b6f4e8aad0fa14d2d126445,One-Time House Cleaning ,"Perfect for a deep clean or special occasion. Our team works efficiently to give your home a detailed cleaning, leaving it spotless.",$484.16,$266.28,false,"","",true
Home Cleaning,ind_dd88b46f5da742d7b8e679dc57dd329f,"1,901-2,200 Sq Ft","","",olit_2d91ea86c213430e8cf6e3303e8786cb,Weekly House Cleaning,"Enjoy a consistently clean home without lifting a finger. Our trained team provides efficient, thorough cleaning every week so you can take back your time.

",$161.18,$88.64,false,"","",true
Home Cleaning,ind_dd88b46f5da742d7b8e679dc57dd329f,"1,901-2,200 Sq Ft","","",olit_dd490b22d2d947c1bdb39d289e67db31,Monthly House Cleaning,"Get a fresh start every month. Our team of professionals will clean your home with care, making sure everything looks excellent.
Monthly cleaning appointments are scheduled every four weeks. ",$253.78,$139.57,false,"","",true
Home Cleaning,ind_dd88b46f5da742d7b8e679dc57dd329f,"1,601-1,900 Sq Ft","","",olit_b7dc1ffc2c404d6098a5476572daf75a,Monthly House Cleaning,"Get a fresh start every month. Our team of professionals will clean your home with care, making sure everything looks excellent.
Monthly cleaning appointments are scheduled every four weeks. ",$241.30,$132.55,false,"","",true
Home Cleaning,ind_dd88b46f5da742d7b8e679dc57dd329f,"1,601-1,900 Sq Ft","","",olit_55b5f027e5e141c48963d655c758c4a4,One-Time House Cleaning,"Perfect for a deep clean or special occasion. Our team works efficiently to give your home a detailed cleaning, leaving it spotless.",$469.54,$258.24,false,"","",true
Home Cleaning,ind_dd88b46f5da742d7b8e679dc57dd329f,"1,601-1,900 Sq Ft","","",olit_f36ec41361c74e78bf9b503b09c53dda,Weekly House Cleaning,"Enjoy a consistently clean home without lifting a finger. Our trained team provides efficient, thorough cleaning every week so you can take back your time.
",$152.13,$83.67,false,"","",true
Home Cleaning,ind_dd88b46f5da742d7b8e679dc57dd329f,"1,601-1,900 Sq Ft","","",olit_9169961daae9427ba2598b2429c0c4a8,Biweekly House Cleaning,"Keep your home fresh and tidy with biweekly visits from our expert team. We ensure thorough cleaning while maintaining your space with care.
",$201.45,$110.79,false,"","",true
Home Cleaning,ind_dd88b46f5da742d7b8e679dc57dd329f,"1,601-1,900 Sq Ft","","",olit_8a089edc541345c3aee7f26c0849945c,Moving Cleaning,"Leave the cleaning to us when moving in or out. Our highly trained team will handle the deep cleaning, making the space spotless for the next residents.",$586.92,$322.80,false,"","",true
Home Cleaning,ind_dd88b46f5da742d7b8e679dc57dd329f,"2,201-2,500 Sq Ft","","",olit_fcb45c0beb1a477e821ea15f8f1308a5,One-Time House Cleaning,"Perfect for a deep clean or special occasion. Our team works efficiently to give your home a detailed cleaning, leaving it spotless.",$498.78,$274.32,false,"","",true
Home Cleaning,ind_dd88b46f5da742d7b8e679dc57dd329f,"2,201-2,500 Sq Ft","","",olit_c6a1fae7fb864a57a00fb788b3e4588e,Weekly House Cleaning,"Enjoy a consistently clean home without lifting a finger. Our trained team provides efficient, thorough cleaning every week so you can take back your time.
",$170.23,$93.62,false,"","",true
Home Cleaning,ind_dd88b46f5da742d7b8e679dc57dd329f,"2,201-2,500 Sq Ft","","",olit_a67eab0f089342e3b721f28e052eaec2,Monthly House Cleaning,"Get a fresh start every month. Our team of professionals will clean your home with care, making sure everything looks excellent.
Monthly cleaning appointments are scheduled every four weeks. ",$266.27,$146.44,false,"","",true
Home Cleaning,ind_dd88b46f5da742d7b8e679dc57dd329f,"2,201-2,500 Sq Ft","","",olit_61f76d4ffeae4d94a6599c29e2ef7a0c,Moving Cleaning,"Leave the cleaning to us when moving in or out. Our highly trained team will handle the deep cleaning, making the space spotless for the next residents.

Garage cleaning can be added at an additional charge.",$623.48,$342.91,false,"","",false
Home Cleaning,ind_dd88b46f5da742d7b8e679dc57dd329f,"2,201-2,500 Sq Ft","","",olit_8fd6029a750d4601ad09681dccc4eb28,Vacation Rental Cleaning,"Comprehensive cleaning service tailored for vacation rentals. Includes thorough cleaning of all rooms, sanitization of high-touch surfaces, meticulous attention to detail in kitchens and bathrooms, bed linen change, laundry service for towels and bedding (as needed), and preparation for guest arrivals. We ensure your property is spotless, welcoming, and ready for your next guests, maintaining the highest standards of cleanliness to enhance guest satisfaction.",$0.00,$0.00,false,"","",false
Home Cleaning,ind_dd88b46f5da742d7b8e679dc57dd329f,"1,301-1,600 Sq Ft","","",olit_63b80a355766492e96e78b94769e11fc,Moving Cleaning,"Leave the cleaning to us when moving in or out. Our highly trained team will handle the deep cleaning, making the space spotless for the next residents.",$568.65,$312.75,false,"","",true
Janitorial,ind_ddf8835196c9457d90af263be411cc43,Custom Services,"","",olit_e0131ffb88c74134933a692360856825,The Carlysle: Maintenance Cleaning,"Comprehensive maintenance cleaning of all designated areas, including common spaces, and pool areas, ensuring clean, welcoming facilities. 

Full description of services is provided in the completed service agreement.

Invoice Notes: 

Payments can be made by check, deposit, or credit card. Receipt will be sent when payment is received. Credit card payments are subject to additional fees. Direct deposit payments may be subject to additional fees.

Checks should be mailed to: 
Connect Cleaning
14831 Reflection Key Cir. #1712
Fort Myers, FL 33907",$2410.53,$0.00,false,"","",false
Janitorial,ind_ddf8835196c9457d90af263be411cc43,Custom Services,"","",olit_703f758b7afc4a4dace258043b970d75,The Carlysle: Initial Deep Clean,"Comprehensive cleaning of all designated areas, including soft wash of walkways and detailed attention to restrooms, common spaces, and pool areas, ensuring a pristine baseline for ongoing maintenance.

Full description of services is provided in the completed service agreement.",$944.77,$0.00,false,"","",false
Home Cleaning,ind_dd88b46f5da742d7b8e679dc57dd329f,"1,001-1,300 Sq Ft","","",olit_18d9111b82084bb195fdfdea3bcc4162,One-Time House Cleaning,"Perfect for a deep clean or special occasion. Our team works efficiently to give your home a detailed cleaning, leaving it spotless.",$440.29,$242.15,false,"","",true
Home Cleaning,ind_dd88b46f5da742d7b8e679dc57dd329f,"1,001-1,300 Sq Ft","","",olit_d243362ab3bf4767a0c5b5f1e1a46a0d,Weekly House Cleaning,"Enjoy a consistently clean home without lifting a finger. Our trained team provides efficient, thorough cleaning every week so you can take back your time.
The cost of your initial cleaning is $286.88  and each following weekly cleaning is  $131.14 
",$131.14,$72.12,false,"","",true
Home Cleaning,ind_dd88b46f5da742d7b8e679dc57dd329f,"1,001-1,300 Sq Ft","","",olit_9a3d1084990c4b92ad5e785df9dccbb0,Biweekly House Cleaning,"Keep your home fresh and tidy with biweekly visits from our expert team. We ensure thorough cleaning while maintaining your space with care.
The cost of your initial cleaning is $286.88  and each following biweekly cleaning will be  $173.31 ",$173.31,$95.32,false,"","",true
Home Cleaning,ind_dd88b46f5da742d7b8e679dc57dd329f,"1,001-1,300 Sq Ft","","",olit_1bd477e2d36940759420a8969d1490b2,Monthly House Cleaning,"Get a fresh start every month. Our team of professionals will clean your home with care, making sure everything looks excellent.
Monthly cleaning appointments are scheduled every four weeks. The cost of your initial cleaning is $286.88 and each following monthly cleaning will be $211.81.",$211.81,$116.49,false,"","",true
Home Cleaning,ind_dd88b46f5da742d7b8e679dc57dd329f,"1,001-1,300 Sq Ft","","",olit_08693cbd51b349f2adc85d0b7d386866,Moving Cleaning,"Leave the cleaning to us when moving in or out. Our highly trained team will handle the deep cleaning, making the space ready for the next residents.",$550.37,$302.70,false,"","",true
Home Cleaning,ind_dd88b46f5da742d7b8e679dc57dd329f,"1,301-1,600 Sq Ft","","",olit_d437bc8d0f4e4505870afb0e2cf52369,One-Time House Cleaning,"Perfect for a deep clean or special occasion. Our team works efficiently to give your home a detailed cleaning, leaving it spotless.",$454.92,$250.20,false,"","",true
Home Cleaning,ind_dd88b46f5da742d7b8e679dc57dd329f,"1,301-1,600 Sq Ft","","",olit_ce30dc6fcdb24722a65a77219d096faf,Weekly House Cleaning,"Enjoy a consistently clean home without lifting a finger. Our trained team provides efficient, thorough cleaning every week so you can take back your time.
",$139.99,$76.99,false,"","",true
Home Cleaning,ind_dd88b46f5da742d7b8e679dc57dd329f,"1,301-1,600 Sq Ft","","",olit_fde0da077ecc4f2a843b28a2ef2f752b,Biweekly House Cleaning,"Keep your home fresh and tidy with biweekly visits from our expert team. We ensure thorough cleaning while maintaining your space with care.
",$185.22,$101.87,false,"","",true
Home Cleaning,ind_dd88b46f5da742d7b8e679dc57dd329f,"1,301-1,600 Sq Ft","","",olit_68c602d797364d7b85faf19c0d15442d,Monthly House Cleaning,"Get a fresh start every month. Our team of professionals will clean your home with care, making sure everything looks excellent.
Monthly cleaning appointments are scheduled every four weeks. ",$224.03,$123.21,false,"","",true
Home Cleaning,ind_dd88b46f5da742d7b8e679dc57dd329f,"1,301-1,600 Sq Ft","","",olit_10802442aab64bb69cc11a9e59d66e84,Vacation Rental Cleaning,"Comprehensive cleaning service tailored for vacation rentals. Includes thorough cleaning of all rooms, sanitization of high-touch surfaces, meticulous attention to detail in kitchens and bathrooms, bed linen change, laundry service for towels and bedding (as needed), and preparation for guest arrivals. We ensure your property is spotless, welcoming, and ready for your next guests, maintaining the highest standards of cleanliness to enhance guest satisfaction.",$0.00,$0.00,false,"","",false
Home Cleaning,ind_dd88b46f5da742d7b8e679dc57dd329f,"1,901-2,200 Sq Ft","","",olit_2589fdfa8c414a79abf31c9759119812,Moving Cleaning,"Leave the cleaning to us when moving in or out. Our highly trained team will handle the deep cleaning, making the space spotless for the next residents.",$605.20,$332.86,false,"","",true
Janitorial,ind_ddf8835196c9457d90af263be411cc43,Custom Services,"","",olit_99174816cb8e48d1a028ff0d417a5ab1,San Simeon: Amenities Center Cleaning,"Comprehensive maintenance cleaning of all designated areas, ensuring clean, welcoming facilities. 

Full description of services is provided in the completed service agreement.

Invoice Notes: 

Payments can be made by check, deposit, or credit card. Receipt will be sent when payment is received. Credit card payments are subject to additional fees. Direct deposit payments may be subject to additional fees.

Checks should be mailed to: 
Connect Cleaning
14831 Reflection Key Cir. #1712
Fort Myers, FL 33907",$0.00,$0.00,false,"","",false
Janitorial,ind_ddf8835196c9457d90af263be411cc43,Custom Services,"","",olit_8d469b5cc40347f791850ecb33c6067b,San Simeon: Custom Service,"",$0.00,$0.00,false,"","",false
Home Cleaning,ind_dd88b46f5da742d7b8e679dc57dd329f,"0-1,000 Sq Ft","","",olit_120dbb8bce0e4c85bf4859ebde31fb2f,Biweekly House Cleaning,"Keep your home fresh and tidy with biweekly visits from our expert team. We ensure thorough cleaning while maintaining your space with care.

The first cleaning will be charged at the Initial Cleaning price.",$161.39,$88.76,false,"","",true
Home Cleaning,ind_dd88b46f5da742d7b8e679dc57dd329f,"0-1,000 Sq Ft","","",olit_d36f58e74c344479810af3eeb74465fa,Initial House Cleaning,"The initial cleaning is a one-time, thorough cleaning to bring your home up to our high standards of cleanliness and sanitation. This comprehensive service lays the foundation for ongoing weekly, biweekly, or monthly maintenance, ensuring every surface shines and no detail is overlooked. The price for the initial cleaning is the same regardless of the frequency of your recurring service.",$274.34,$178.32,false,"","",true
Window & Exterior Cleaning,ind_50413bdcbb67410da504845ec48af17d,Window Cleaning,"","",olit_958b6c1127754c4e930bbebe88846648,Interior & Exterior Window Cleaning (Residential),"Comprehensive cleaning of both interior and exterior window surfaces, providing a fresh, clear view and revitalized appearance for your home. We deliver high-quality service with a focus on professionalism and detail. Removal of adhesives, paint, or other strongly adhered materials is not included in basic cleaning.

*Pricing is per window",$20.00,$20.00,false,Each,"",false
Home Cleaning,ind_dd88b46f5da742d7b8e679dc57dd329f,"1,001-1,300 Sq Ft","","",olit_c7b8d0d23f8e40a1966e67837e212585,Initial House Cleaning,"The initial cleaning is a one-time, thorough cleaning to bring your home up to our high standards of cleanliness and sanitation. This comprehensive service lays the foundation for ongoing weekly, biweekly, or monthly maintenance, ensuring every surface shines and no detail is overlooked. The price for the initial cleaning is the same regardless of the frequency of your recurring service.",$286.88,$186.47,false,"","",true
Home Cleaning,ind_dd88b46f5da742d7b8e679dc57dd329f,"1,301-1,600 Sq Ft","","",olit_feeb2563b92f4cf68adde22b180b987d,Initial House Cleaning,"The initial cleaning is a one-time, thorough cleaning to bring your home up to our high standards of cleanliness and sanitation. This comprehensive service lays the foundation for ongoing weekly, biweekly, or monthly maintenance, ensuring every surface shines and no detail is overlooked. The price for the initial cleaning is the same regardless of the frequency of your recurring service.",$299.41,$194.61,false,"","",true
Home Cleaning,ind_dd88b46f5da742d7b8e679dc57dd329f,"1,601-1,900 Sq Ft","","",olit_52e3ec43f2f948ae88da484b483f4476,Initial House Cleaning,"The initial cleaning is a one-time, thorough cleaning to bring your home up to our high standards of cleanliness and sanitation. This comprehensive service lays the foundation for ongoing weekly, biweekly, or monthly maintenance, ensuring every surface shines and no detail is overlooked. The price for the initial cleaning is the same regardless of the frequency of your recurring service.",$318.44,$206.98,false,"","",true
Home Cleaning,ind_dd88b46f5da742d7b8e679dc57dd329f,"1,901-2,200 Sq Ft","","",olit_267fff3b17774946a1b89a9fd551ac6b,Initial House Cleaning,"The initial cleaning is a one-time, thorough cleaning to bring your home up to our high standards of cleanliness and sanitation. This comprehensive service lays the foundation for ongoing weekly, biweekly, or monthly maintenance, ensuring every surface shines and no detail is overlooked. The price for the initial cleaning is the same regardless of the frequency of your recurring service.",$331.24,$215.30,false,"","",true
Home Cleaning,ind_dd88b46f5da742d7b8e679dc57dd329f,"1,901-2,200 Sq Ft","","",olit_f3a8f2c28be54488afb7ccd2cbd77b63,Vacation Rental Cleaning,"Comprehensive cleaning service tailored for vacation rentals. Includes thorough cleaning of all rooms, sanitization of high-touch surfaces, meticulous attention to detail in kitchens and bathrooms, bed linen change, laundry service for towels and bedding (as needed), and preparation for guest arrivals. We ensure your property is spotless, welcoming, and ready for your next guests, maintaining the highest standards of cleanliness to enhance guest satisfaction.",$0.00,$0.00,false,"","",false
Home Cleaning,ind_dd88b46f5da742d7b8e679dc57dd329f,"2,201-2,500 Sq Ft","","",olit_7019db16ba65414c9eb45d2033d5fefe,Initial House Cleaning,"The initial cleaning is a one-time, thorough cleaning to bring your home up to our high standards of cleanliness and sanitation. This comprehensive service lays the foundation for ongoing weekly, biweekly, or monthly maintenance, ensuring every surface shines and no detail is overlooked. The price for the initial cleaning is the same regardless of the frequency of your recurring service.",$344.03,$223.61,false,"","",true
Home Cleaning,ind_dd88b46f5da742d7b8e679dc57dd329f,"2,501-2,800 Sq Ft","","",olit_95d1a1c78c4b4ca09c3fddd9b6b35698,One-Time House Cleaning,"Perfect for a deep clean or special occasion. Our team works efficiently to give your home a detailed cleaning, leaving it spotless.",$513.41,$282.37,false,"","",true
Home Cleaning,ind_dd88b46f5da742d7b8e679dc57dd329f,"2,501-2,800 Sq Ft","","",olit_571e225bea7541ccae2cee201aa80f64,Weekly House Cleaning,"Enjoy a consistently clean home without lifting a finger. Our trained team provides efficient, thorough cleaning every week so you can take back your time.
",$179.28,$98.60,false,"","",true
Home Cleaning,ind_dd88b46f5da742d7b8e679dc57dd329f,"2,501-2,800 Sq Ft","","",olit_893d931ff53c45be89aacbfda38f77e4,Biweekly House Cleaning,"Keep your home fresh and tidy with biweekly visits from our expert team. We ensure thorough cleaning while maintaining your space with care.
",$237.95,$130.87,false,"","",true
Home Cleaning,ind_dd88b46f5da742d7b8e679dc57dd329f,"2,501-2,800 Sq Ft","","",olit_0c6258ea38db45578e779507952d7f88,Monthly House Cleaning,"Get a fresh start every month. Our team of professionals will clean your home with care, making sure everything looks excellent.
Monthly cleaning appointments are scheduled every four weeks. ",$278.75,$153.31,false,"","",true
Home Cleaning,ind_dd88b46f5da742d7b8e679dc57dd329f,"2,501-2,800 Sq Ft","","",olit_796c879d2a8b4e5cbb78e2bf23790bd2,Moving Cleaning,"Leave the cleaning to us when moving in or out. Our highly trained team will handle the deep cleaning, making the space spotless for the next residents. We will clean your home top-to-bottom, including the inside of appliances, cupboards, and drawers. 

Garage cleaning can be added at an additional charge.",$641.76,$352.96,false,"","",false
Home Cleaning,ind_dd88b46f5da742d7b8e679dc57dd329f,"2,501-2,800 Sq Ft","","",olit_47b1ecfe1e7a4b18ba567fa862b3714d,Vacation Rental Cleaning,"Comprehensive cleaning service tailored for vacation rentals. Includes thorough cleaning of all rooms, sanitization of high-touch surfaces, meticulous attention to detail in kitchens and bathrooms, bed linen change, laundry service for towels and bedding (as needed), and preparation for guest arrivals. We ensure your property is spotless, welcoming, and ready for your next guests, maintaining the highest standards of cleanliness to enhance guest satisfaction.",$0.00,$0.00,false,"","",false
Home Cleaning,ind_dd88b46f5da742d7b8e679dc57dd329f,"2,501-2,800 Sq Ft","","",olit_61decec1639540f7b43d1d778f2c8419,Initial House Cleaning,"The initial cleaning is a one-time, thorough cleaning to bring your home up to our high standards of cleanliness and sanitation. This comprehensive service lays the foundation for ongoing weekly, biweekly, or monthly maintenance, ensuring every surface shines and no detail is overlooked. The price for the initial cleaning is the same regardless of the frequency of your recurring service.",$356.82,$196.25,false,"","",true
Home Cleaning,ind_dd88b46f5da742d7b8e679dc57dd329f,"2,801-3,100 Sq Ft","","",olit_1936e99e9b4249ff91e8984bbfe27e20,One-Time House Cleaning,"Perfect for a deep clean or special occasion. Our team works efficiently to give your home a detailed cleaning, leaving it spotless.",$528.03,$290.41,false,"","",true
Home Cleaning,ind_dd88b46f5da742d7b8e679dc57dd329f,"2,801-3,100 Sq Ft","","",olit_2fdbe003754d4315bf6fccacd67cdf1e,Weekly House Cleaning,"Enjoy a consistently clean home without lifting a finger. Our trained team provides efficient, thorough cleaning every week so you can take back your time.",$188.32,$103.57,false,"","",true
Home Cleaning,ind_dd88b46f5da742d7b8e679dc57dd329f,"2,801-3,100 Sq Ft","","",olit_cf70214e399c4f119872512d82a5edf6,Biweekly House Cleaning,"Keep your home fresh and tidy with biweekly visits from our expert team. We ensure thorough cleaning while maintaining your space with care.
",$250.12,$137.56,false,"","",true
Home Cleaning,ind_dd88b46f5da742d7b8e679dc57dd329f,"2,801-3,100 Sq Ft","","",olit_780cc88f0280402dab34f7779ff2d3cc,Monthly House Cleaning,"Get a fresh start every month. Our team of professionals will clean your home with care, making sure everything looks excellent.
",$291.23,$160.17,false,"","",true
Home Cleaning,ind_dd88b46f5da742d7b8e679dc57dd329f,"2,801-3,100 Sq Ft","","",olit_21f2d61ab590446fa0b9f8010be8d6d1,Moving Cleaning,"Leave the cleaning to us when moving in or out. Our highly trained team will handle the deep cleaning, making the space spotless for the next residents.

Garage cleaning can be added at an additional charge.",$660.03,$363.01,false,"","",false
Home Cleaning,ind_dd88b46f5da742d7b8e679dc57dd329f,"2,801-3,100 Sq Ft","","",olit_6c7900ebbb8b48fe9a8c0a7aa8322850,Vacation Rental Cleaning,"Comprehensive cleaning service tailored for vacation rentals. Includes thorough cleaning of all rooms, sanitization of high-touch surfaces, meticulous attention to detail in kitchens and bathrooms, bed linen change, laundry service for towels and bedding (as needed), and preparation for guest arrivals. We ensure your property is spotless, welcoming, and ready for your next guests, maintaining the highest standards of cleanliness to enhance guest satisfaction.",$0.00,$0.00,false,"","",false
Home Cleaning,ind_dd88b46f5da742d7b8e679dc57dd329f,"2,801-3,100 Sq Ft","","",olit_c54ba8ab5a124da0a8488a8f311a9eac,Initial House Cleaning,"The initial cleaning is a one-time, thorough cleaning to bring your home up to our high standards of cleanliness and sanitation. This comprehensive service lays the foundation for ongoing weekly, biweekly, or monthly maintenance, ensuring every surface shines and no detail is overlooked. The price for the initial cleaning is the same regardless of the frequency of your recurring service.",$369.62,$240.25,false,"","",true
Home Cleaning,ind_dd88b46f5da742d7b8e679dc57dd329f,"3,101-3,400 Sq Ft","","",olit_9a75b3c3a96e4e908f510d8465beeea4,One-Time House Cleaning,"Perfect for a deep clean or special occasion. Our team works efficiently to give your home a detailed cleaning, leaving it spotless.",$542.65,$298.45,false,"","",true
Home Cleaning,ind_dd88b46f5da742d7b8e679dc57dd329f,"3,101-3,400 Sq Ft","","",olit_fc9ce3eb89bd434eb7715a384579ebb6,Initial House Cleaning,"The initial cleaning is a one-time, thorough cleaning to bring your home up to our high standards of cleanliness and sanitation. This comprehensive service lays the foundation for ongoing weekly, biweekly, or monthly maintenance, ensuring every surface shines and no detail is overlooked. The price for the initial cleaning is the same regardless of the frequency of your recurring service.",$399.58,$259.72,false,"","",true
Home Cleaning,ind_dd88b46f5da742d7b8e679dc57dd329f,"3,101-3,400 Sq Ft","","",olit_8a66ad5b20394a8286f70852a80004ce,Weekly House Cleaning,"Enjoy a consistently clean home without lifting a finger. Our trained team provides efficient, thorough cleaning every week so you can take back your time.",$206.77,$113.72,false,"","",true
Home Cleaning,ind_dd88b46f5da742d7b8e679dc57dd329f,"3,101-3,400 Sq Ft","","",olit_04040051e5704cd5be8078e09c89d585,Biweekly House Cleaning,"Keep your home fresh and tidy with biweekly visits from our expert team. We ensure thorough cleaning while maintaining your space with care.
",$274.67,$151.06,false,"","",true
Home Cleaning,ind_dd88b46f5da742d7b8e679dc57dd329f,"3,101-3,400 Sq Ft","","",olit_f69b74ae799c4b31a53f188f46061016,Monthly House Cleaning,"Get a fresh start every month. Our team of professionals will clean your home with care, making sure everything looks excellent.
",$317.69,$174.72,false,"","",true
Home Cleaning,ind_dd88b46f5da742d7b8e679dc57dd329f,"3,101-3,400 Sq Ft","","",olit_7c4c008a2a814aed865146c15dfd56ee,Moving Cleaning,"Leave the cleaning to us when moving in or out. Our highly trained team will handle the deep cleaning, making the space spotless for the next residents.

Garage cleaning can be added at an additional charge.",$678.31,$373.07,false,"","",false
Home Cleaning,ind_dd88b46f5da742d7b8e679dc57dd329f,"3,101-3,400 Sq Ft","","",olit_8874742fb2ff43c4bc7c844ae997e632,Vacation Rental Cleaning,"Comprehensive cleaning service tailored for vacation rentals. Includes thorough cleaning of all rooms, sanitization of high-touch surfaces, meticulous attention to detail in kitchens and bathrooms, bed linen change, laundry service for towels and bedding (as needed), and preparation for guest arrivals. We ensure your property is spotless, welcoming, and ready for your next guests, maintaining the highest standards of cleanliness to enhance guest satisfaction.",$0.00,$0.00,false,"","",false
Home Cleaning,ind_dd88b46f5da742d7b8e679dc57dd329f,"3,401-3,700 Sq Ft","","",olit_29717eee2c214f23a3530f018668f882,One-Time House Cleaning,"Perfect for a deep clean or special occasion. Our team works efficiently to give your home a detailed cleaning, leaving it spotless.",$577.27,$317.49,false,"","",false
Home Cleaning,ind_dd88b46f5da742d7b8e679dc57dd329f,"3,401-3,700 Sq Ft","","",olit_5862a5783858496d8990fed55bf806fd,Initial House Cleaning,"The initial cleaning is a one-time, thorough cleaning to bring your home up to our high standards of cleanliness and sanitation. This comprehensive service lays the foundation for ongoing weekly, biweekly, or monthly maintenance, ensuring every surface shines and no detail is overlooked. The price for the initial cleaning is the same regardless of the frequency of your recurring service.",$412.95,$268.41,false,"","",false
Home Cleaning,ind_dd88b46f5da742d7b8e679dc57dd329f,"3,401-3,700 Sq Ft","","",olit_92c54c8949284030ad5bd8579ebead51,Weekly House Cleaning,"Enjoy a consistently clean home without lifting a finger. Our trained team provides efficient, thorough cleaning every week so you can take back your time.",$216.25,$118.93,false,"","",false
Home Cleaning,ind_dd88b46f5da742d7b8e679dc57dd329f,"3,401-3,700 Sq Ft","","",olit_d91ecfe19e824bb5af880c0199785a66,Biweekly House Cleaning,"Keep your home fresh and tidy with biweekly visits from our expert team. We ensure thorough cleaning while maintaining your space with care.
",$287.41,$158.07,false,"","",false
Home Cleaning,ind_dd88b46f5da742d7b8e679dc57dd329f,"3,401-3,700 Sq Ft","","",olit_8c43319af3934ce7a860feeaec302513,Monthly House Cleaning,"Get a fresh start every month. Our team of professionals will clean your home with care, making sure everything looks excellent.
",$330.74,$181.90,false,"","",false
Home Cleaning,ind_dd88b46f5da742d7b8e679dc57dd329f,"3,401-3,700 Sq Ft","","",olit_57ae9c653b4f4c77b997134ac8a08d96,Moving Cleaning,"Leave the cleaning to us when moving in or out. Our highly trained team will handle the deep cleaning, making the space spotless for the next residents.

Garage cleaning can be added at an additional charge.",$696.59,$383.12,false,"","",false
Home Cleaning,ind_dd88b46f5da742d7b8e679dc57dd329f,"3,401-3,700 Sq Ft","","",olit_cce81879ae564728b3c5f42846be354c,Vacation Rental Cleaning,"Comprehensive cleaning service tailored for vacation rentals. Includes thorough cleaning of all rooms, sanitization of high-touch surfaces, meticulous attention to detail in kitchens and bathrooms, bed linen change, laundry service for towels and bedding (as needed), and preparation for guest arrivals. We ensure your property is spotless, welcoming, and ready for your next guests, maintaining the highest standards of cleanliness to enhance guest satisfaction.",$0.00,$0.00,false,"","",false
Home Cleaning,ind_dd88b46f5da742d7b8e679dc57dd329f,"3,701-4,000 Sq Ft","","",olit_0e6b449129d040c39b8c7d8790a15a30,One-Time House Cleaning,"Perfect for a deep clean or special occasion. Our team works efficiently to give your home a detailed cleaning, leaving it spotless.",$571.89,$314.53,false,"","",false
Home Cleaning,ind_dd88b46f5da742d7b8e679dc57dd329f,"3,701-4,000 Sq Ft","","",olit_8ded175fcee847af90c752bccc279262,Initial House Cleaning,"The initial cleaning is a one-time, thorough cleaning to bring your home up to our high standards of cleanliness and sanitation. This comprehensive service lays the foundation for ongoing weekly, biweekly, or monthly maintenance, ensuring every surface shines and no detail is overlooked. The price for the initial cleaning is the same regardless of the frequency of your recurring service.",$426.32,$277.10,false,"","",false
Home Cleaning,ind_dd88b46f5da742d7b8e679dc57dd329f,"3,701-4,000 Sq Ft","","",olit_9adf3200633d4f5896a1fc468cfc76f9,Weekly House Cleaning,"Enjoy a consistently clean home without lifting a finger. Our trained team provides efficient, thorough cleaning every week so you can take back your time.",$225.73,$124.15,false,"","",false
Home Cleaning,ind_dd88b46f5da742d7b8e679dc57dd329f,"3,701-4,000 Sq Ft","","",olit_47a07a5cf93c47e9ae9f950c284bfe33,Biweekly House Cleaning,"Keep your home fresh and tidy with biweekly visits from our expert team. We ensure thorough cleaning while maintaining your space with care.
",$300.15,$165.08,false,"","",false
Home Cleaning,ind_dd88b46f5da742d7b8e679dc57dd329f,"3,701-4,000 Sq Ft","","",olit_4ab1eac6074f422aa87438951c242a21,Monthly House Cleaning,"Get a fresh start every month. Our team of professionals will clean your home with care, making sure everything looks excellent.
",$343.80,$189.09,false,"","",false
Home Cleaning,ind_dd88b46f5da742d7b8e679dc57dd329f,"3,701-4,000 Sq Ft","","",olit_ce1fb9ac1bb9441ab9251c1c3868d069,Moving Cleaning,"Leave the cleaning to us when moving in or out. Our highly trained team will handle the deep cleaning, making the space spotless for the next residents.

Garage cleaning can be added at an additional charge.",$714.87,$393.17,false,"","",false
Home Cleaning,ind_dd88b46f5da742d7b8e679dc57dd329f,"3,701-4,000 Sq Ft","","",olit_622d0be3236c4d14b6602e9ad5fb57d6,Vacation Rental Cleaning,"Comprehensive cleaning service tailored for vacation rentals. Includes thorough cleaning of all rooms, sanitization of high-touch surfaces, meticulous attention to detail in kitchens and bathrooms, bed linen change, laundry service for towels and bedding (as needed), and preparation for guest arrivals. We ensure your property is spotless, welcoming, and ready for your next guests, maintaining the highest standards of cleanliness to enhance guest satisfaction.",$0.00,$0.00,false,"","",false
Home Cleaning,ind_dd88b46f5da742d7b8e679dc57dd329f,"4,001-4,300 Sq Ft","","",olit_51e31331e0714bf38de03a893d5a3360,One-Time House Cleaning,"Perfect for a deep clean or special occasion. Our team works efficiently to give your home a detailed cleaning, leaving it spotless.",$586.52,$322.58,false,"","",false
Home Cleaning,ind_dd88b46f5da742d7b8e679dc57dd329f,"4,001-4,300 Sq Ft","","",olit_84aa75f53cdc41b085dcc406c1897fac,Initial House Cleaning,"The initial cleaning is a one-time, thorough cleaning to bring your home up to our high standards of cleanliness and sanitation. This comprehensive service lays the foundation for ongoing weekly, biweekly, or monthly maintenance, ensuring every surface shines and no detail is overlooked. The price for the initial cleaning is the same regardless of the frequency of your recurring service.",$439.69,$285.79,false,"","",false
Home Cleaning,ind_dd88b46f5da742d7b8e679dc57dd329f,"4,001-4,300 Sq Ft","","",olit_566d9a4d53bf46f5b317ae7cac6217c1,Weekly House Cleaning,"Enjoy a consistently clean home without lifting a finger. Our trained team provides efficient, thorough cleaning every week so you can take back your time.",$235.20,$129.36,false,"","",false
Home Cleaning,ind_dd88b46f5da742d7b8e679dc57dd329f,"4,001-4,300 Sq Ft","","",olit_da6677a311254ad385bb6de155ac257c,Biweekly House Cleaning,"Keep your home fresh and tidy with biweekly visits from our expert team. We ensure thorough cleaning while maintaining your space with care.
",$312.89,$172.08,false,"","",false
Home Cleaning,ind_dd88b46f5da742d7b8e679dc57dd329f,"4,001-4,300 Sq Ft","","",olit_a601ec3e30324bbaa5fad2dfa88a1cf7,Monthly House Cleaning,"Get a fresh start every month. Our team of professionals will clean your home with care, making sure everything looks excellent.
",$356.85,$196.26,false,"","",false
Home Cleaning,ind_dd88b46f5da742d7b8e679dc57dd329f,"4,001-4,300 Sq Ft","","",olit_1e35e5d4ef254c34a3b8cf35dfbe0d60,Moving Cleaning,"Leave the cleaning to us when moving in or out. Our highly trained team will handle the deep cleaning, making the space spotless for the next residents.

Garage cleaning can be added at an additional charge.",$733.15,$403.23,false,"","",false
Home Cleaning,ind_dd88b46f5da742d7b8e679dc57dd329f,"4,001-4,300 Sq Ft","","",olit_2b4c7ed32f36490aa69534e4bdd385c2,Vacation Rental Cleaning,"Comprehensive cleaning service tailored for vacation rentals. Includes thorough cleaning of all rooms, sanitization of high-touch surfaces, meticulous attention to detail in kitchens and bathrooms, bed linen change, laundry service for towels and bedding (as needed), and preparation for guest arrivals. We ensure your property is spotless, welcoming, and ready for your next guests, maintaining the highest standards of cleanliness to enhance guest satisfaction.",$0.00,$0.00,false,"","",false
Home Cleaning,ind_dd88b46f5da742d7b8e679dc57dd329f,"4,301-4,600 Sq Ft","","",olit_7c24282697144e50a0eb1ec28d356c7a,One-Time House Cleaning,"Perfect for a deep clean or special occasion. Our team works efficiently to give your home a detailed cleaning, leaving it spotless.",$601.14,$330.62,false,"","",false
Home Cleaning,ind_dd88b46f5da742d7b8e679dc57dd329f,"4,301-4,600 Sq Ft","","",olit_af83493247fa4e9eb99ef54ed5386ec0,Initial House Cleaning,"The initial cleaning is a one-time, thorough cleaning to bring your home up to our high standards of cleanliness and sanitation. This comprehensive service lays the foundation for ongoing weekly, biweekly, or monthly maintenance, ensuring every surface shines and no detail is overlooked. The price for the initial cleaning is the same regardless of the frequency of your recurring service.",$453.06,$294.48,false,"","",false
Home Cleaning,ind_dd88b46f5da742d7b8e679dc57dd329f,"4,301-4,600 Sq Ft","","",olit_61eaa95e4c3046a58c929daab1772c5f,Weekly House Cleaning,"Enjoy a consistently clean home without lifting a finger. Our trained team provides efficient, thorough cleaning every week so you can take back your time.",$244.68,$134.57,false,"","",false
Home Cleaning,ind_dd88b46f5da742d7b8e679dc57dd329f,"4,301-4,600 Sq Ft","","",olit_9385b6fd56024cb98da8479c0fba048a,Biweekly House Cleaning,"Keep your home fresh and tidy with biweekly visits from our expert team. We ensure thorough cleaning while maintaining your space with care.
",$325.64,$179.10,false,"","",false
Home Cleaning,ind_dd88b46f5da742d7b8e679dc57dd329f,"4,301-4,600 Sq Ft","","",olit_f45a9976672b420fb087bd08e0bc0dc8,Monthly House Cleaning,"Get a fresh start every month. Our team of professionals will clean your home with care, making sure everything looks excellent.
",$369.91,$203.45,false,"","",false
Home Cleaning,ind_dd88b46f5da742d7b8e679dc57dd329f,"4,301-4,600 Sq Ft","","",olit_d0381a602d194570be7a6e87256ab1bd,Copy of Moving Cleaning,"Leave the cleaning to us when moving in or out. Our highly trained team will handle the deep cleaning, making the space spotless for the next residents.

Garage cleaning can be added at an additional charge.",$751.42,$413.28,false,"","",false
Home Cleaning,ind_dd88b46f5da742d7b8e679dc57dd329f,"4,301-4,600 Sq Ft","","",olit_77ace0827b764dc4b32486a88cffe90e,Vacation Rental Cleaning,"Comprehensive cleaning service tailored for vacation rentals. Includes thorough cleaning of all rooms, sanitization of high-touch surfaces, meticulous attention to detail in kitchens and bathrooms, bed linen change, laundry service for towels and bedding (as needed), and preparation for guest arrivals. We ensure your property is spotless, welcoming, and ready for your next guests, maintaining the highest standards of cleanliness to enhance guest satisfaction.",$0.00,$0.00,false,"","",false
Home Cleaning,ind_dd88b46f5da742d7b8e679dc57dd329f,"4,601-4,900 Sq Ft","","",olit_a064d0a3e00946ca91c5750aa5e93cc7,One-Time House Cleaning,"Perfect for a deep clean or special occasion. Our team works efficiently to give your home a detailed cleaning, leaving it spotless.",$615.76,$338.66,false,"","",false
Home Cleaning,ind_dd88b46f5da742d7b8e679dc57dd329f,"4,601-4,900 Sq Ft","","",olit_4146e31790554ccd9cf890ae91a26530,Initial House Cleaning,"The initial cleaning is a one-time, thorough cleaning to bring your home up to our high standards of cleanliness and sanitation. This comprehensive service lays the foundation for ongoing weekly, biweekly, or monthly maintenance, ensuring every surface shines and no detail is overlooked. The price for the initial cleaning is the same regardless of the frequency of your recurring service.",$466.43,$303.17,false,"","",false
Home Cleaning,ind_dd88b46f5da742d7b8e679dc57dd329f,"4,601-4,900 Sq Ft","","",olit_9209e9e47c3e4c958535a6080bb69796,Weekly House Cleaning,"Enjoy a consistently clean home without lifting a finger. Our trained team provides efficient, thorough cleaning every week so you can take back your time.",$254.16,$139.78,false,"","",false
Home Cleaning,ind_dd88b46f5da742d7b8e679dc57dd329f,"4,601-4,900 Sq Ft","","",olit_794033373dc641729c813491582239b1,Biweekly House Cleaning,"Keep your home fresh and tidy with biweekly visits from our expert team. We ensure thorough cleaning while maintaining your space with care.
",$338.38,$186.10,false,"","",false
Home Cleaning,ind_dd88b46f5da742d7b8e679dc57dd329f,"4,601-4,900 Sq Ft","","",olit_7c8044b7f6674c87bc55515fefb1be4e,Monthly House Cleaning,"Get a fresh start every month. Our team of professionals will clean your home with care, making sure everything looks excellent.
",$382.97,$210.63,false,"","",false
Home Cleaning,ind_dd88b46f5da742d7b8e679dc57dd329f,"4,601-4,900 Sq Ft","","",olit_b4ad71b518c049beac49a04872a3984e,Moving Cleaning,"Leave the cleaning to us when moving in or out. Our highly trained team will handle the deep cleaning, making the space spotless for the next residents.

Garage cleaning can be added at an additional charge.",$769.70,$423.33,false,"","",false
Home Cleaning,ind_dd88b46f5da742d7b8e679dc57dd329f,"4,601-4,900 Sq Ft","","",olit_a2ae20e81a4143779b854f315227c4c5,Vacation Rental Cleaning,"Comprehensive cleaning service tailored for vacation rentals. Includes thorough cleaning of all rooms, sanitization of high-touch surfaces, meticulous attention to detail in kitchens and bathrooms, bed linen change, laundry service for towels and bedding (as needed), and preparation for guest arrivals. We ensure your property is spotless, welcoming, and ready for your next guests, maintaining the highest standards of cleanliness to enhance guest satisfaction.",$0.00,$0.00,false,"","",false
Home Cleaning,ind_dd88b46f5da742d7b8e679dc57dd329f,"4,901-5,200 Sq Ft","","",olit_6975070094d444ad821769e73234682e,One-Time House Cleaning,"Perfect for a deep clean or special occasion. Our team works efficiently to give your home a detailed cleaning, leaving it spotless.",$630.38,$346.70,false,"","",false
Home Cleaning,ind_dd88b46f5da742d7b8e679dc57dd329f,"4,901-5,200 Sq Ft","","",olit_a217e0f4abfb4069bb0a27a831f8088b,Initial House Cleaning,"The initial cleaning is a one-time, thorough cleaning to bring your home up to our high standards of cleanliness and sanitation. This comprehensive service lays the foundation for ongoing weekly, biweekly, or monthly maintenance, ensuring every surface shines and no detail is overlooked. The price for the initial cleaning is the same regardless of the frequency of your recurring service.",$479.80,$311.87,false,"","",false
Home Cleaning,ind_dd88b46f5da742d7b8e679dc57dd329f,"4,901-5,200 Sq Ft","","",olit_f029d184a60f4db5be3d2b2c9a01936c,Weekly House Cleaning,"Enjoy a consistently clean home without lifting a finger. Our trained team provides efficient, thorough cleaning every week so you can take back your time.",$263.64,$145.00,false,"","",false
Home Cleaning,ind_dd88b46f5da742d7b8e679dc57dd329f,"4,901-5,200 Sq Ft","","",olit_fd9072f630e24a35a5de4070ce536a31,Biweekly House Cleaning,"Keep your home fresh and tidy with biweekly visits from our expert team. We ensure thorough cleaning while maintaining your space with care.
",$351.12,$193.11,false,"","",false
Home Cleaning,ind_dd88b46f5da742d7b8e679dc57dd329f,"4,901-5,200 Sq Ft","","",olit_169ca2e5d7144404ad54bf0c19f32773,Monthly House Cleaning,"Get a fresh start every month. Our team of professionals will clean your home with care, making sure everything looks excellent.
",$396.02,$217.81,false,"","",false
Home Cleaning,ind_dd88b46f5da742d7b8e679dc57dd329f,"4,901-5,200 Sq Ft","","",olit_c01e277c08de4620b7574b0454da9572,Moving Cleaning,"Leave the cleaning to us when moving in or out. Our highly trained team will handle the deep cleaning, making the space spotless for the next residents.

Garage cleaning can be added at an additional charge.",$787.98,$433.38,false,"","",false
Home Cleaning,ind_dd88b46f5da742d7b8e679dc57dd329f,"4,901-5,200 Sq Ft","","",olit_b9c8c340205045c6a004dea9f3791a2c,Vacation Rental Cleaning,"Comprehensive cleaning service tailored for vacation rentals. Includes thorough cleaning of all rooms, sanitization of high-touch surfaces, meticulous attention to detail in kitchens and bathrooms, bed linen change, laundry service for towels and bedding (as needed), and preparation for guest arrivals. We ensure your property is spotless, welcoming, and ready for your next guests, maintaining the highest standards of cleanliness to enhance guest satisfaction.",$0.00,$0.00,false,"","",false
Home Cleaning,ind_dd88b46f5da742d7b8e679dc57dd329f,"5,201-5,500 Sq Ft","","",olit_6b6b7cd943cd4a27ba9daa9e478270bb,One-Time House Cleaning,"Perfect for a deep clean or special occasion. Our team works efficiently to give your home a detailed cleaning, leaving it spotless.",$645.01,$354.75,false,"","",false
Home Cleaning,ind_dd88b46f5da742d7b8e679dc57dd329f,"5,201-5,500 Sq Ft","","",olit_03f3d2b23f474494b7d50066509afa97,Initial House Cleaning,"The initial cleaning is a one-time, thorough cleaning to bring your home up to our high standards of cleanliness and sanitation. This comprehensive service lays the foundation for ongoing weekly, biweekly, or monthly maintenance, ensuring every surface shines and no detail is overlooked. The price for the initial cleaning is the same regardless of the frequency of your recurring service.",$493.17,$320.56,false,"","",false
Home Cleaning,ind_dd88b46f5da742d7b8e679dc57dd329f,"5,201-5,500 Sq Ft","","",olit_e6a0e1d637634c5ab109793ee8dc1dff,Weekly House Cleaning,"Enjoy a consistently clean home without lifting a finger. Our trained team provides efficient, thorough cleaning every week so you can take back your time.",$273.21,$150.26,false,"","",false
Home Cleaning,ind_dd88b46f5da742d7b8e679dc57dd329f,"5,201-5,500 Sq Ft","","",olit_45313f46c5ac405ca1fa9120e4ca77ed,Biweekly House Cleaning,"Keep your home fresh and tidy with biweekly visits from our expert team. We ensure thorough cleaning while maintaining your space with care.
",$363.86,$200.12,false,"","",false
Home Cleaning,ind_dd88b46f5da742d7b8e679dc57dd329f,"5,201-5,500 Sq Ft","","",olit_7fc5f85ad68449c2a6b8a7318da68c5a,Monthly House Cleaning,"Get a fresh start every month. Our team of professionals will clean your home with care, making sure everything looks excellent.
",$409.08,$224.99,false,"","",false
Home Cleaning,ind_dd88b46f5da742d7b8e679dc57dd329f,"5,201-5,500 Sq Ft","","",olit_8fdd9b9f85854fb9af72445c3bf49f24,Moving Cleaning,"Leave the cleaning to us when moving in or out. Our highly trained team will handle the deep cleaning, making the space spotless for the next residents.

Garage cleaning can be added at an additional charge.",$806.26,$443.44,false,"","",false
Home Cleaning,ind_dd88b46f5da742d7b8e679dc57dd329f,"5,201-5,500 Sq Ft","","",olit_65cbca1a30154427afad17615508fd72,Vacation Rental Cleaning,"Comprehensive cleaning service tailored for vacation rentals. Includes thorough cleaning of all rooms, sanitization of high-touch surfaces, meticulous attention to detail in kitchens and bathrooms, bed linen change, laundry service for towels and bedding (as needed), and preparation for guest arrivals. We ensure your property is spotless, welcoming, and ready for your next guests, maintaining the highest standards of cleanliness to enhance guest satisfaction.",$0.00,$0.00,false,"","",false
Home Cleaning,ind_dd88b46f5da742d7b8e679dc57dd329f,"5,801-6,100 Sq Ft","","",olit_3878542f7de44f67b10e1efdf7ebe4e0,One-Time House Cleaning,"Perfect for a deep clean or special occasion. Our team works efficiently to give your home a detailed cleaning, leaving it spotless.",$674.25,$370.83,false,"","",false
Home Cleaning,ind_dd88b46f5da742d7b8e679dc57dd329f,"5,501-5,800 Sq Ft","","",olit_81c52c355b8e4859b68bd57242f327b9,One-Time House Cleaning,"Perfect for a deep clean or special occasion. Our team works efficiently to give your home a detailed cleaning, leaving it spotless.",$659.63,$362.79,false,"","",false
Home Cleaning,ind_dd88b46f5da742d7b8e679dc57dd329f,"5,501-5,800 Sq Ft","","",olit_732eecf6a5d04dbbad60859e8233ad60,Initial House Cleaning,"The initial cleaning is a one-time, thorough cleaning to bring your home up to our high standards of cleanliness and sanitation. This comprehensive service lays the foundation for ongoing weekly, biweekly, or monthly maintenance, ensuring every surface shines and no detail is overlooked. The price for the initial cleaning is the same regardless of the frequency of your recurring service.",$506.54,$329.25,false,"","",false
Home Cleaning,ind_dd88b46f5da742d7b8e679dc57dd329f,"5,501-5,800 Sq Ft","","",olit_c2ad609ef04540e5966842d35db8a801,Weekly House Cleaning,"Enjoy a consistently clean home without lifting a finger. Our trained team provides efficient, thorough cleaning every week so you can take back your time.",$282.60,$155.43,false,"","",false
Home Cleaning,ind_dd88b46f5da742d7b8e679dc57dd329f,"5,501-5,800 Sq Ft","","",olit_f33b817e4c3c47e4bc01f18c98011dea,Biweekly House Cleaning,"Keep your home fresh and tidy with biweekly visits from our expert team. We ensure thorough cleaning while maintaining your space with care.
",$376.61,$207.13,false,"","",false
Home Cleaning,ind_dd88b46f5da742d7b8e679dc57dd329f,"5,501-5,800 Sq Ft","","",olit_48e17456afa042cbacc8804eac671cf3,Monthly House Cleaning,"Get a fresh start every month. Our team of professionals will clean your home with care, making sure everything looks excellent.
",$422.13,$232.17,false,"","",false
Home Cleaning,ind_dd88b46f5da742d7b8e679dc57dd329f,"5,501-5,800 Sq Ft","","",olit_892f808da7964013a1a722cee5b10698,Moving Cleaning,"Leave the cleaning to us when moving in or out. Our highly trained team will handle the deep cleaning, making the space spotless for the next residents.

Garage cleaning can be added at an additional charge.",$824.54,$453.49,false,"","",false
Home Cleaning,ind_dd88b46f5da742d7b8e679dc57dd329f,"5,501-5,800 Sq Ft","","",olit_44a2a5421e40478caa9b05be94fbbc3c,Vacation Rental Cleaning,"Comprehensive cleaning service tailored for vacation rentals. Includes thorough cleaning of all rooms, sanitization of high-touch surfaces, meticulous attention to detail in kitchens and bathrooms, bed linen change, laundry service for towels and bedding (as needed), and preparation for guest arrivals. We ensure your property is spotless, welcoming, and ready for your next guests, maintaining the highest standards of cleanliness to enhance guest satisfaction.",$0.00,$0.00,false,"","",false
Home Cleaning,ind_dd88b46f5da742d7b8e679dc57dd329f,"5,801-6,100 Sq Ft","","",olit_4902504cdf3c481bab43eddcec9c996e,Initial House Cleaning,"The initial cleaning is a one-time, thorough cleaning to bring your home up to our high standards of cleanliness and sanitation. This comprehensive service lays the foundation for ongoing weekly, biweekly, or monthly maintenance, ensuring every surface shines and no detail is overlooked. The price for the initial cleaning is the same regardless of the frequency of your recurring service.",$519.90,$337.93,false,"","",false
Home Cleaning,ind_dd88b46f5da742d7b8e679dc57dd329f,"5,801-6,100 Sq Ft","","",olit_8cbfc078a98b4557afe41d08772c119e,Weekly House Cleaning,"Enjoy a consistently clean home without lifting a finger. Our trained team provides efficient, thorough cleaning every week so you can take back your time.",$292.07,$160.63,false,"","",false
Home Cleaning,ind_dd88b46f5da742d7b8e679dc57dd329f,"5,801-6,100 Sq Ft","","",olit_a63ce920eab54fccaf20a4c5d5806485,Biweekly House Cleaning,"Keep your home fresh and tidy with biweekly visits from our expert team. We ensure thorough cleaning while maintaining your space with care.
",$389.35,$214.14,false,"","",false
Home Cleaning,ind_dd88b46f5da742d7b8e679dc57dd329f,"5,801-6,100 Sq Ft","","",olit_3105bd4a9e9f4844bcea21101d59a2fa,Moving Cleaning,"Leave the cleaning to us when moving in or out. Our highly trained team will handle the deep cleaning, making the space spotless for the next residents.

Garage cleaning can be added at an additional charge.",$842.81,$463.54,false,"","",false
Home Cleaning,ind_dd88b46f5da742d7b8e679dc57dd329f,"5,801-6,100 Sq Ft","","",olit_154aadac15db4cb3800b1be173071a39,Vacation Rental Cleaning,"Comprehensive cleaning service tailored for vacation rentals. Includes thorough cleaning of all rooms, sanitization of high-touch surfaces, meticulous attention to detail in kitchens and bathrooms, bed linen change, laundry service for towels and bedding (as needed), and preparation for guest arrivals. We ensure your property is spotless, welcoming, and ready for your next guests, maintaining the highest standards of cleanliness to enhance guest satisfaction.",$0.00,$0.00,false,"","",false
Home Cleaning,ind_dd88b46f5da742d7b8e679dc57dd329f,"6,101-6,400 Sq Ft","","",olit_0f64bb7a770b4613bff8749f7ee67827,One-Time House Cleaning,"Perfect for a deep clean or special occasion. Our team works efficiently to give your home a detailed cleaning, leaving it spotless.",$688.87,$378.87,false,"","",false
Home Cleaning,ind_dd88b46f5da742d7b8e679dc57dd329f,"6,101-6,400 Sq Ft","","",olit_894b4cf580df49fca01e11a0145a7856,Initial House Cleaning,"The initial cleaning is a one-time, thorough cleaning to bring your home up to our high standards of cleanliness and sanitation. This comprehensive service lays the foundation for ongoing weekly, biweekly, or monthly maintenance, ensuring every surface shines and no detail is overlooked. The price for the initial cleaning is the same regardless of the frequency of your recurring service.",$533.27,$346.60,false,"","",false
Home Cleaning,ind_dd88b46f5da742d7b8e679dc57dd329f,"6,101-6,400 Sq Ft","","",olit_3cc87db43e344becb1d0511f4f1e9d8b,Weekly House Cleaning,"Enjoy a consistently clean home without lifting a finger. Our trained team provides efficient, thorough cleaning every week so you can take back your time.",$301.55,$165.85,false,"","",false
Home Cleaning,ind_dd88b46f5da742d7b8e679dc57dd329f,"6,101-6,400 Sq Ft","","",olit_85756c1b548a4e9dbd460361b0facc69,Biweekly House Cleaning,"Keep your home fresh and tidy with biweekly visits from our expert team. We ensure thorough cleaning while maintaining your space with care.
",$402.09,$221.14,false,"","",false
Home Cleaning,ind_dd88b46f5da742d7b8e679dc57dd329f,"6,101-6,400 Sq Ft","","",olit_ef01189a97924802a1207f0f3118b37f,Monthly House Cleaning,"Get a fresh start every month. Our team of professionals will clean your home with care, making sure everything looks excellent.
",$448.24,$246.53,false,"","",false
Home Cleaning,ind_dd88b46f5da742d7b8e679dc57dd329f,"6,101-6,400 Sq Ft","","",olit_8a7f2e1bc27c472eaedb06397a834381,Moving Cleaning,"Leave the cleaning to us when moving in or out. Our highly trained team will handle the deep cleaning, making the space spotless for the next residents.

Garage cleaning can be added at an additional charge.",$861.09,$473.59,false,"","",false
Home Cleaning,ind_dd88b46f5da742d7b8e679dc57dd329f,"6,101-6,400 Sq Ft","","",olit_8f25d1209c5d432089ba1535940dcea5,Vacation Rental Cleaning,"Comprehensive cleaning service tailored for vacation rentals. Includes thorough cleaning of all rooms, sanitization of high-touch surfaces, meticulous attention to detail in kitchens and bathrooms, bed linen change, laundry service for towels and bedding (as needed), and preparation for guest arrivals. We ensure your property is spotless, welcoming, and ready for your next guests, maintaining the highest standards of cleanliness to enhance guest satisfaction.",$0.00,$0.00,false,"","",false
Home Cleaning,ind_dd88b46f5da742d7b8e679dc57dd329f,"6,401-6,700 Sq Ft","","",olit_18ec1121ef864442848001582b91474d,One-Time House Cleaning,"Perfect for a deep clean or special occasion. Our team works efficiently to give your home a detailed cleaning, leaving it spotless.",$703.50,$386.92,false,"","",false
Home Cleaning,ind_dd88b46f5da742d7b8e679dc57dd329f,"6,401-6,700 Sq Ft","","",olit_8ca430e69e234fbaaa01c1533cd34ab1,Initial House Cleaning,"The initial cleaning is a one-time, thorough cleaning to bring your home up to our high standards of cleanliness and sanitation. This comprehensive service lays the foundation for ongoing weekly, biweekly, or monthly maintenance, ensuring every surface shines and no detail is overlooked. The price for the initial cleaning is the same regardless of the frequency of your recurring service.",$546.64,$355.31,false,"","",false
Home Cleaning,ind_dd88b46f5da742d7b8e679dc57dd329f,"6,401-6,700 Sq Ft","","",olit_c93ee0781264467c977fc28e8da5fff1,Weekly House Cleaning,"Enjoy a consistently clean home without lifting a finger. Our trained team provides efficient, thorough cleaning every week so you can take back your time.",$311.03,$171.06,false,"","",false
Home Cleaning,ind_dd88b46f5da742d7b8e679dc57dd329f,"6,401-6,700 Sq Ft","","",olit_ac18e3bade7f4a379d936375fa109773,Biweekly House Cleaning,"Keep your home fresh and tidy with biweekly visits from our expert team. We ensure thorough cleaning while maintaining your space with care.
",$414.83,$228.15,false,"","",false
Home Cleaning,ind_dd88b46f5da742d7b8e679dc57dd329f,"6,401-6,700 Sq Ft","","",olit_49c8a79d780f4d6da17e04ef4579a067,Monthly House Cleaning,"Get a fresh start every month. Our team of professionals will clean your home with care, making sure everything looks excellent.
",$461.30,$253.71,false,"","",false
Home Cleaning,ind_dd88b46f5da742d7b8e679dc57dd329f,"6,401-6,700 Sq Ft","","",olit_2af4fa9be43b4a37b4adc212b8d8b35d,Moving Cleaning,"Leave the cleaning to us when moving in or out. Our highly trained team will handle the deep cleaning, making the space spotless for the next residents.

Garage cleaning can be added at an additional charge.",$879.37,$483.65,false,"","",false
Home Cleaning,ind_dd88b46f5da742d7b8e679dc57dd329f,"6,401-6,700 Sq Ft","","",olit_ac77ee5045ff481f90628ce66a19e412,Vacation Rental Cleaning,"Comprehensive cleaning service tailored for vacation rentals. Includes thorough cleaning of all rooms, sanitization of high-touch surfaces, meticulous attention to detail in kitchens and bathrooms, bed linen change, laundry service for towels and bedding (as needed), and preparation for guest arrivals. We ensure your property is spotless, welcoming, and ready for your next guests, maintaining the highest standards of cleanliness to enhance guest satisfaction.",$0.00,$0.00,false,"","",false
Home Cleaning,ind_dd88b46f5da742d7b8e679dc57dd329f,"6,701-7,000 Sq Ft","","",olit_127ed435184b491d8b9e599d455956bf,One-Time House Cleaning,"Perfect for a deep clean or special occasion. Our team works efficiently to give your home a detailed cleaning, leaving it spotless.",$718.12,$394.96,false,"","",false
Home Cleaning,ind_dd88b46f5da742d7b8e679dc57dd329f,"6,701-7,000 Sq Ft","","",olit_7221e6c6487d4a26a50bc5dc51e92898,Initial House Cleaning,"The initial cleaning is a one-time, thorough cleaning to bring your home up to our high standards of cleanliness and sanitation. This comprehensive service lays the foundation for ongoing weekly, biweekly, or monthly maintenance, ensuring every surface shines and no detail is overlooked. The price for the initial cleaning is the same regardless of the frequency of your recurring service.",$560.01,$364.00,false,"","",false
Home Cleaning,ind_dd88b46f5da742d7b8e679dc57dd329f,"6,701-7,000 Sq Ft","","",olit_22e7d72ac5b044879df97af79cb440e7,Weekly House Cleaning,"Enjoy a consistently clean home without lifting a finger. Our trained team provides efficient, thorough cleaning every week so you can take back your time.",$320.51,$176.28,false,"","",false
Home Cleaning,ind_dd88b46f5da742d7b8e679dc57dd329f,"6,701-7,000 Sq Ft","","",olit_7c4bcf349a9c4a05b9b31e12ca9133b8,Biweekly House Cleaning,"Keep your home fresh and tidy with biweekly visits from our expert team. We ensure thorough cleaning while maintaining your space with care.
",$427.57,$235.16,false,"","",false
Home Cleaning,ind_dd88b46f5da742d7b8e679dc57dd329f,"6,701-7,000 Sq Ft","","",olit_c0741461472c417abf0510d8ed7707fd,Monthly House Cleaning,"Get a fresh start every month. Our team of professionals will clean your home with care, making sure everything looks excellent.
",$474.35,$260.89,false,"","",false
Home Cleaning,ind_dd88b46f5da742d7b8e679dc57dd329f,"6,701-7,000 Sq Ft","","",olit_ecef4270970b4d0fa8bbfbfcfad1a1b7,Moving Cleaning,"Leave the cleaning to us when moving in or out. Our highly trained team will handle the deep cleaning, making the space spotless for the next residents.

Garage cleaning can be added at an additional charge.",$897.65,$493.70,false,"","",false
Home Cleaning,ind_dd88b46f5da742d7b8e679dc57dd329f,"6,701-7,000 Sq Ft","","",olit_30d4203a755744ea910bb6ea0d9c9095,Vacation Rental Cleaning,"Comprehensive cleaning service tailored for vacation rentals. Includes thorough cleaning of all rooms, sanitization of high-touch surfaces, meticulous attention to detail in kitchens and bathrooms, bed linen change, laundry service for towels and bedding (as needed), and preparation for guest arrivals. We ensure your property is spotless, welcoming, and ready for your next guests, maintaining the highest standards of cleanliness to enhance guest satisfaction.",$0.00,$0.00,false,"","",false
Home Cleaning,ind_dd88b46f5da742d7b8e679dc57dd329f,"5,801-6,100 Sq Ft","","",olit_c479e01cf36447a181b247da73726231,Monthly House Cleaning,"Get a fresh start every month. Our team of professionals will clean your home with care, making sure everything looks excellent.
",$435.19,$239.35,false,"","",false
Home Cleaning,ind_dd88b46f5da742d7b8e679dc57dd329f,"7,301-7,600 Sq Ft","","",olit_9ce74bdc4cf14fa5ae36a61fa088fd8d,One-Time House Cleaning,"Perfect for a deep clean or special occasion. Our team works efficiently to give your home a detailed cleaning, leaving it spotless.",$747.36,$411.04,false,"","",false
Home Cleaning,ind_dd88b46f5da742d7b8e679dc57dd329f,"7,301-7,600 Sq Ft","","",olit_fea7b6b050774a6fb8f93ba1ef57991b,Initial House Cleaning,"The initial cleaning is a one-time, thorough cleaning to bring your home up to our high standards of cleanliness and sanitation. This comprehensive service lays the foundation for ongoing weekly, biweekly, or monthly maintenance, ensuring every surface shines and no detail is overlooked. The price for the initial cleaning is the same regardless of the frequency of your recurring service.",$586.75,$381.38,false,"","",false
Home Cleaning,ind_dd88b46f5da742d7b8e679dc57dd329f,"7,301-7,600 Sq Ft","","",olit_0abaae9a744a43d8ab4230f4c679bca7,Weekly House Cleaning,"Enjoy a consistently clean home without lifting a finger. Our trained team provides efficient, thorough cleaning every week so you can take back your time.",$339.47,$186.70,false,"","",false
Home Cleaning,ind_dd88b46f5da742d7b8e679dc57dd329f,"7,301-7,600 Sq Ft","","",olit_3b5f5f2fd75c4264a03a5269771d92dd,Biweekly House Cleaning,"Keep your home fresh and tidy with biweekly visits from our expert team. We ensure thorough cleaning while maintaining your space with care.
",$453.06,$249.18,false,"","",false
Home Cleaning,ind_dd88b46f5da742d7b8e679dc57dd329f,"7,301-7,600 Sq Ft","","",olit_befeb4fa97684e27a0767b6f9d422b18,Monthly House Cleaning,"Get a fresh start every month. Our team of professionals will clean your home with care, making sure everything looks excellent.
",$500.47,$275.25,false,"","",false
Home Cleaning,ind_dd88b46f5da742d7b8e679dc57dd329f,"7,301-7,600 Sq Ft","","",olit_08536e56336e4288b59f653868d83072,Moving Cleaning,"Leave the cleaning to us when moving in or out. Our highly trained team will handle the deep cleaning, making the space spotless for the next residents.

Garage cleaning can be added at an additional charge.",$934.20,$513.81,false,"","",false
Home Cleaning,ind_dd88b46f5da742d7b8e679dc57dd329f,"7,301-7,600 Sq Ft","","",olit_9ea44246ba5147b5bd506dd0049ebefc,Vacation Rental Cleaning,"Comprehensive cleaning service tailored for vacation rentals. Includes thorough cleaning of all rooms, sanitization of high-touch surfaces, meticulous attention to detail in kitchens and bathrooms, bed linen change, laundry service for towels and bedding (as needed), and preparation for guest arrivals. We ensure your property is spotless, welcoming, and ready for your next guests, maintaining the highest standards of cleanliness to enhance guest satisfaction.",$0.00,$0.00,false,"","",false
Home Cleaning,ind_dd88b46f5da742d7b8e679dc57dd329f,"7,601-7,900 Sq Ft","","",olit_f73521fded8443bfb41432e945e79b99,One-Time House Cleaning,"Perfect for a deep clean or special occasion. Our team works efficiently to give your home a detailed cleaning, leaving it spotless.",$761.98,$419.08,false,"","",false
Home Cleaning,ind_dd88b46f5da742d7b8e679dc57dd329f,"7,601-7,900 Sq Ft","","",olit_35cdfbff6fee49919b57b6c04cb2e175,Initial House Cleaning,"The initial cleaning is a one-time, thorough cleaning to bring your home up to our high standards of cleanliness and sanitation. This comprehensive service lays the foundation for ongoing weekly, biweekly, or monthly maintenance, ensuring every surface shines and no detail is overlooked. The price for the initial cleaning is the same regardless of the frequency of your recurring service.",$600.12,$390.07,false,"","",false
Home Cleaning,ind_dd88b46f5da742d7b8e679dc57dd329f,"7,601-7,900 Sq Ft","","",olit_e15140610f0947b58b278136953cfe95,Weekly House Cleaning,"Enjoy a consistently clean home without lifting a finger. Our trained team provides efficient, thorough cleaning every week so you can take back your time.",$348.94,$191.91,false,"","",false
Home Cleaning,ind_dd88b46f5da742d7b8e679dc57dd329f,"7,601-7,900 Sq Ft","","",olit_46ffea935e18486eac5cf36e47602485,Biweekly House Cleaning,"Keep your home fresh and tidy with biweekly visits from our expert team. We ensure thorough cleaning while maintaining your space with care.
",$465.80,$256.19,false,"","",false
Home Cleaning,ind_dd88b46f5da742d7b8e679dc57dd329f,"7,601-7,900 Sq Ft","","",olit_6a360d949e36409b9a7a1ddd7f67ea36,Monthly House Cleaning,"Get a fresh start every month. Our team of professionals will clean your home with care, making sure everything looks excellent.
",$513.52,$282.43,false,"","",false
Home Cleaning,ind_dd88b46f5da742d7b8e679dc57dd329f,"7,601-7,900 Sq Ft","","",olit_fa1070ab32a64923b2ed7d5438464ff1,Moving Cleaning,"Leave the cleaning to us when moving in or out. Our highly trained team will handle the deep cleaning, making the space spotless for the next residents.

Garage cleaning can be added at an additional charge.",$952.48,$523.86,false,"","",false
Home Cleaning,ind_dd88b46f5da742d7b8e679dc57dd329f,"7,601-7,900 Sq Ft","","",olit_5d03550d42da4655a731e4ef77b95314,Vacation Rental Cleaning,"Comprehensive cleaning service tailored for vacation rentals. Includes thorough cleaning of all rooms, sanitization of high-touch surfaces, meticulous attention to detail in kitchens and bathrooms, bed linen change, laundry service for towels and bedding (as needed), and preparation for guest arrivals. We ensure your property is spotless, welcoming, and ready for your next guests, maintaining the highest standards of cleanliness to enhance guest satisfaction.",$0.00,$0.00,false,"","",false
Home Cleaning,ind_dd88b46f5da742d7b8e679dc57dd329f,"7,901-8,200 Sq Ft","","",olit_440ed0c3b8e04bda9a1d717650406cb2,One-Time House Cleaning,"Perfect for a deep clean or special occasion. Our team works efficiently to give your home a detailed cleaning, leaving it spotless.",$776.61,$427.13,false,"","",false
Home Cleaning,ind_dd88b46f5da742d7b8e679dc57dd329f,"7,901-8,200 Sq Ft","","",olit_27a4df8143404f4f93af2dfe8d87a668,Initial House Cleaning,"The initial cleaning is a one-time, thorough cleaning to bring your home up to our high standards of cleanliness and sanitation. This comprehensive service lays the foundation for ongoing weekly, biweekly, or monthly maintenance, ensuring every surface shines and no detail is overlooked. The price for the initial cleaning is the same regardless of the frequency of your recurring service.",$613.49,$398.76,false,"","",false
Home Cleaning,ind_dd88b46f5da742d7b8e679dc57dd329f,"7,901-8,200 Sq Ft","","",olit_eb51ebc5422442f888d4cd024260903c,Weekly House Cleaning,"Enjoy a consistently clean home without lifting a finger. Our trained team provides efficient, thorough cleaning every week so you can take back your time.",$358.42,$197.13,false,"","",false
Home Cleaning,ind_dd88b46f5da742d7b8e679dc57dd329f,"7,901-8,200 Sq Ft","","",olit_cca1830ed13a4b8eb64b1d9309ce016a,Biweekly House Cleaning,"Keep your home fresh and tidy with biweekly visits from our expert team. We ensure thorough cleaning while maintaining your space with care.
",$478.54,$263.19,false,"","",false
Home Cleaning,ind_dd88b46f5da742d7b8e679dc57dd329f,"7,901-8,200 Sq Ft","","",olit_d7840559bf604ccf95a84fddb40cf6f0,Monthly House Cleaning,"Get a fresh start every month. Our team of professionals will clean your home with care, making sure everything looks excellent.
",$526.58,$289.61,false,"","",false
Home Cleaning,ind_dd88b46f5da742d7b8e679dc57dd329f,"7,901-8,200 Sq Ft","","",olit_e64471b8cb174ef0a2692d0d2c8eae93,Moving Cleaning,"Leave the cleaning to us when moving in or out. Our highly trained team will handle the deep cleaning, making the space spotless for the next residents.

Garage cleaning can be added at an additional charge.",$970.76,$533.91,false,"","",false
Home Cleaning,ind_dd88b46f5da742d7b8e679dc57dd329f,"7,901-8,200 Sq Ft","","",olit_3266282c9aa34217a4505d1176d5a17a,Vacation Rental Cleaning,"Comprehensive cleaning service tailored for vacation rentals. Includes thorough cleaning of all rooms, sanitization of high-touch surfaces, meticulous attention to detail in kitchens and bathrooms, bed linen change, laundry service for towels and bedding (as needed), and preparation for guest arrivals. We ensure your property is spotless, welcoming, and ready for your next guests, maintaining the highest standards of cleanliness to enhance guest satisfaction.",$0.00,$0.00,false,"","",false
Home Cleaning,ind_dd88b46f5da742d7b8e679dc57dd329f,"8,201-8,500 Sq Ft","","",olit_5d7c53dd8e0a40009d4c6d6ad04c1df1,One-Time House Cleaning,"Perfect for a deep clean or special occasion. Our team works efficiently to give your home a detailed cleaning, leaving it spotless.",$791.23,$435.17,false,"","",false
Home Cleaning,ind_dd88b46f5da742d7b8e679dc57dd329f,"8,201-8,500 Sq Ft","","",olit_250cc2ef4936474eadb388c04ead7bd5,Initial House Cleaning,"The initial cleaning is a one-time, thorough cleaning to bring your home up to our high standards of cleanliness and sanitation. This comprehensive service lays the foundation for ongoing weekly, biweekly, or monthly maintenance, ensuring every surface shines and no detail is overlooked. The price for the initial cleaning is the same regardless of the frequency of your recurring service.",$626.86,$407.45,false,"","",false
Home Cleaning,ind_dd88b46f5da742d7b8e679dc57dd329f,"8,201-8,500 Sq Ft","","",olit_3bc34ca05ff04ede8fe44f85542c1add,Weekly House Cleaning,"Enjoy a consistently clean home without lifting a finger. Our trained team provides efficient, thorough cleaning every week so you can take back your time.",$367.90,$202.34,false,"","",false
Home Cleaning,ind_dd88b46f5da742d7b8e679dc57dd329f,"8,201-8,500 Sq Ft","","",olit_d245afc4617a46f297577802b0d552f9,Biweekly House Cleaning,"Keep your home fresh and tidy with biweekly visits from our expert team. We ensure thorough cleaning while maintaining your space with care.
",$491.29,$270.20,false,"","",false
Home Cleaning,ind_dd88b46f5da742d7b8e679dc57dd329f,"8,201-8,500 Sq Ft","","",olit_84e62835e4b0489791f60a70ac29f4bb,Monthly House Cleaning,"Get a fresh start every month. Our team of professionals will clean your home with care, making sure everything looks excellent.
",$539.63,$296.79,false,"","",false
Home Cleaning,ind_dd88b46f5da742d7b8e679dc57dd329f,"8,201-8,500 Sq Ft","","",olit_78b6331f58f346adbfb53ef9d41c707d,Moving Cleaning,"Leave the cleaning to us when moving in or out. Our highly trained team will handle the deep cleaning, making the space spotless for the next residents.

Garage cleaning can be added at an additional charge.",$989.04,$543.97,false,"","",false
Home Cleaning,ind_dd88b46f5da742d7b8e679dc57dd329f,"8,201-8,500 Sq Ft","","",olit_ea6d0ad9c33848268ed09a5846cb3bee,Vacation Rental Cleaning,"Comprehensive cleaning service tailored for vacation rentals. Includes thorough cleaning of all rooms, sanitization of high-touch surfaces, meticulous attention to detail in kitchens and bathrooms, bed linen change, laundry service for towels and bedding (as needed), and preparation for guest arrivals. We ensure your property is spotless, welcoming, and ready for your next guests, maintaining the highest standards of cleanliness to enhance guest satisfaction.",$0.00,$0.00,false,"","",false
Home Cleaning,ind_dd88b46f5da742d7b8e679dc57dd329f,"8,501-8,800 Sq Ft","","",olit_2fde1b3909dc4d1f8db75b57bef83bc8,One-Time House Cleaning,"Perfect for a deep clean or special occasion. Our team works efficiently to give your home a detailed cleaning, leaving it spotless.",$805.85,$443.21,false,"","",false
Home Cleaning,ind_dd88b46f5da742d7b8e679dc57dd329f,"8,501-8,800 Sq Ft","","",olit_98c70d2c7d0f48aaa8481d808b849c75,Initial House Cleaning,"The initial cleaning is a one-time, thorough cleaning to bring your home up to our high standards of cleanliness and sanitation. This comprehensive service lays the foundation for ongoing weekly, biweekly, or monthly maintenance, ensuring every surface shines and no detail is overlooked. The price for the initial cleaning is the same regardless of the frequency of your recurring service.",$640.22,$416.14,false,"","",false
Home Cleaning,ind_dd88b46f5da742d7b8e679dc57dd329f,"8,501-8,800 Sq Ft","","",olit_c54ed102b5cb4883b91a56098cd9fb9b,Weekly House Cleaning,"Enjoy a consistently clean home without lifting a finger. Our trained team provides efficient, thorough cleaning every week so you can take back your time.",$377.38,$207.55,false,"","",false
Home Cleaning,ind_dd88b46f5da742d7b8e679dc57dd329f,"8,501-8,800 Sq Ft","","",olit_ba80f7d2fc8a4773bc92e00b1080f856,Biweekly House Cleaning,"Keep your home fresh and tidy with biweekly visits from our expert team. We ensure thorough cleaning while maintaining your space with care.
",$504.03,$277.21,false,"","",false
Home Cleaning,ind_dd88b46f5da742d7b8e679dc57dd329f,"8,501-8,800 Sq Ft","","",olit_bb204f3b29e643ebae7b16d3d1867f21,Monthly House Cleaning,"Get a fresh start every month. Our team of professionals will clean your home with care, making sure everything looks excellent.
",$539.63,$296.79,false,"","",false
Home Cleaning,ind_dd88b46f5da742d7b8e679dc57dd329f,"8,501-8,800 Sq Ft","","",olit_9619fee895554020844c73588c0e7888,Moving Cleaning,"Leave the cleaning to us when moving in or out. Our highly trained team will handle the deep cleaning, making the space spotless for the next residents.

Garage cleaning can be added at an additional charge.",$1007.31,$554.02,false,"","",false
Home Cleaning,ind_dd88b46f5da742d7b8e679dc57dd329f,"8,501-8,800 Sq Ft","","",olit_17ddb3668b384327993237f786425160,Vacation Rental Cleaning,"Comprehensive cleaning service tailored for vacation rentals. Includes thorough cleaning of all rooms, sanitization of high-touch surfaces, meticulous attention to detail in kitchens and bathrooms, bed linen change, laundry service for towels and bedding (as needed), and preparation for guest arrivals. We ensure your property is spotless, welcoming, and ready for your next guests, maintaining the highest standards of cleanliness to enhance guest satisfaction.",$0.00,$0.00,false,"","",false
Home Cleaning,ind_dd88b46f5da742d7b8e679dc57dd329f,"8,801-9,100 Sq Ft","","",olit_8a7f1f381f6e48ab845a5de5f13612c3,One-Time House Cleaning,"Perfect for a deep clean or special occasion. Our team works efficiently to give your home a detailed cleaning, leaving it spotless.",$820.47,$451.25,false,"","",false
Home Cleaning,ind_dd88b46f5da742d7b8e679dc57dd329f,"8,801-9,100 Sq Ft","","",olit_b26fce351ab6400993374ea8e005a3ed,Initial House Cleaning,"The initial cleaning is a one-time, thorough cleaning to bring your home up to our high standards of cleanliness and sanitation. This comprehensive service lays the foundation for ongoing weekly, biweekly, or monthly maintenance, ensuring every surface shines and no detail is overlooked. The price for the initial cleaning is the same regardless of the frequency of your recurring service.",$653.59,$424.75,false,"","",false
Home Cleaning,ind_dd88b46f5da742d7b8e679dc57dd329f,"8,801-9,100 Sq Ft","","",olit_817f7e265fc742549609baa9217716ad,Weekly House Cleaning,"Enjoy a consistently clean home without lifting a finger. Our trained team provides efficient, thorough cleaning every week so you can take back your time.",$386.86,$212.77,false,"","",false
Home Cleaning,ind_dd88b46f5da742d7b8e679dc57dd329f,"8,801-9,100 Sq Ft","","",olit_c0d1877b841940c88115b55546a8215c,Biweekly House Cleaning,"Keep your home fresh and tidy with biweekly visits from our expert team. We ensure thorough cleaning while maintaining your space with care.
",$516.77,$284.22,false,"","",false
Home Cleaning,ind_dd88b46f5da742d7b8e679dc57dd329f,"8,801-9,100 Sq Ft","","",olit_3048650e4a9a4ef6b9b85ac3ad1ba304,Monthly House Cleaning,"Get a fresh start every month. Our team of professionals will clean your home with care, making sure everything looks excellent.
",$565.74,$311.15,false,"","",false
Home Cleaning,ind_dd88b46f5da742d7b8e679dc57dd329f,"8,801-9,100 Sq Ft","","",olit_7fa132e077774e0497ed0445067a1da5,Moving Cleaning,"Leave the cleaning to us when moving in or out. Our highly trained team will handle the deep cleaning, making the space spotless for the next residents.

Garage cleaning can be added at an additional charge.",$1025.59,$564.07,false,"","",false
Home Cleaning,ind_dd88b46f5da742d7b8e679dc57dd329f,"8,801-9,100 Sq Ft","","",olit_afe23eb19f5149e89d69229362417b92,Vacation Rental Cleaning,"Comprehensive cleaning service tailored for vacation rentals. Includes thorough cleaning of all rooms, sanitization of high-touch surfaces, meticulous attention to detail in kitchens and bathrooms, bed linen change, laundry service for towels and bedding (as needed), and preparation for guest arrivals. We ensure your property is spotless, welcoming, and ready for your next guests, maintaining the highest standards of cleanliness to enhance guest satisfaction.",$0.00,$0.00,false,"","",false
Home Cleaning,ind_dd88b46f5da742d7b8e679dc57dd329f,"7,001-7,300 Sq Ft","","",olit_c05f12f02ab94af684f01093be51c0b6,One-Time House Cleaning,"Perfect for a deep clean or special occasion. Our team works efficiently to give your home a detailed cleaning, leaving it spotless.",$732.74,$403.00,false,"","",false
Home Cleaning,ind_dd88b46f5da742d7b8e679dc57dd329f,"7,001-7,300 Sq Ft","","",olit_065cdf74f2924c5b937b126b0737db9b,Initial House Cleaning,"The initial cleaning is a one-time, thorough cleaning to bring your home up to our high standards of cleanliness and sanitation. This comprehensive service lays the foundation for ongoing weekly, biweekly, or monthly maintenance, ensuring every surface shines and no detail is overlooked. The price for the initial cleaning is the same regardless of the frequency of your recurring service.",$573.38,$372.69,false,"","",false
Home Cleaning,ind_dd88b46f5da742d7b8e679dc57dd329f,"7,001-7,300 Sq Ft","","",olit_fec077ea30f441ab845596f3931f8009,Weekly House Cleaning,"Enjoy a consistently clean home without lifting a finger. Our trained team provides efficient, thorough cleaning every week so you can take back your time.",$329.99,$181.49,false,"","",false
Home Cleaning,ind_dd88b46f5da742d7b8e679dc57dd329f,"7,001-7,300 Sq Ft","","",olit_3de0d472662b4f4da2bb70e2d5930f07,Biweekly House Cleaning,"Keep your home fresh and tidy with biweekly visits from our expert team. We ensure thorough cleaning while maintaining your space with care.
",$440.32,$242.17,false,"","",false
Home Cleaning,ind_dd88b46f5da742d7b8e679dc57dd329f,"7,001-7,300 Sq Ft","","",olit_b1fe0b6df3664ffbb9ffd202f5f933f2,Monthly House Cleaning,"Get a fresh start every month. Our team of professionals will clean your home with care, making sure everything looks excellent.
",$487.41,$268.07,false,"","",false
Home Cleaning,ind_dd88b46f5da742d7b8e679dc57dd329f,"7,001-7,300 Sq Ft","","",olit_4a761ec30b7f4b949164744e7f34e77f,Moving Cleaning,"Leave the cleaning to us when moving in or out. Our highly trained team will handle the deep cleaning, making the space spotless for the next residents.

Garage cleaning can be added at an additional charge.",$915.92,$503.75,false,"","",false
Home Cleaning,ind_dd88b46f5da742d7b8e679dc57dd329f,"7,001-7,300 Sq Ft","","",olit_bddfb00ca18746f6ae36d68c2f7ae05e,Vacation Rental Cleaning,"Comprehensive cleaning service tailored for vacation rentals. Includes thorough cleaning of all rooms, sanitization of high-touch surfaces, meticulous attention to detail in kitchens and bathrooms, bed linen change, laundry service for towels and bedding (as needed), and preparation for guest arrivals. We ensure your property is spotless, welcoming, and ready for your next guests, maintaining the highest standards of cleanliness to enhance guest satisfaction.",$0.00,$0.00,false,"","",false
Home Cleaning,ind_dd88b46f5da742d7b8e679dc57dd329f,"9,101-9,400 Sq Ft","","",olit_58c9c77cf29c4dbf9c2b17317db19f9d,One-Time House Cleaning,"Perfect for a deep clean or special occasion. Our team works efficiently to give your home a detailed cleaning, leaving it spotless.",$835.10,$459.30,false,"","",false
Home Cleaning,ind_dd88b46f5da742d7b8e679dc57dd329f,"9,101-9,400 Sq Ft","","",olit_14e7ff12aee14eda94a17eb145405b8c,Initial House Cleaning,"The initial cleaning is a one-time, thorough cleaning to bring your home up to our high standards of cleanliness and sanitation. This comprehensive service lays the foundation for ongoing weekly, biweekly, or monthly maintenance, ensuring every surface shines and no detail is overlooked. The price for the initial cleaning is the same regardless of the frequency of your recurring service.",$666.96,$433.52,false,"","",false
Home Cleaning,ind_dd88b46f5da742d7b8e679dc57dd329f,"9,101-9,400 Sq Ft","","",olit_28becc43a5aa40ae9de139f5df78f961,Weekly House Cleaning,"Enjoy a consistently clean home without lifting a finger. Our trained team provides efficient, thorough cleaning every week so you can take back your time.",$396.34,$217.98,false,"","",false
Home Cleaning,ind_dd88b46f5da742d7b8e679dc57dd329f,"9,101-9,400 Sq Ft","","",olit_31350ae43c0e452bb821ac1c3ec5de4e,Biweekly House Cleaning,"Keep your home fresh and tidy with biweekly visits from our expert team. We ensure thorough cleaning while maintaining your space with care.
",$529.51,$291.23,false,"","",false
Home Cleaning,ind_dd88b46f5da742d7b8e679dc57dd329f,"9,101-9,400 Sq Ft","","",olit_dfea6160b8754153be50583a51fd3e56,Monthly House Cleaning,"Get a fresh start every month. Our team of professionals will clean your home with care, making sure everything looks excellent.
",$578.80,$318.34,false,"","",false
Home Cleaning,ind_dd88b46f5da742d7b8e679dc57dd329f,"9,101-9,400 Sq Ft","","",olit_5ccd34380d6d45fea88743c5b20efad8,Moving Cleaning,"Leave the cleaning to us when moving in or out. Our highly trained team will handle the deep cleaning, making the space spotless for the next residents.

Garage cleaning can be added at an additional charge.",$1043.87,$574.12,false,"","",false
Home Cleaning,ind_dd88b46f5da742d7b8e679dc57dd329f,"9,101-9,400 Sq Ft","","",olit_d9ef9bee71d34278946f6ac82cfb9e0f,Vacation Rental Cleaning,"Comprehensive cleaning service tailored for vacation rentals. Includes thorough cleaning of all rooms, sanitization of high-touch surfaces, meticulous attention to detail in kitchens and bathrooms, bed linen change, laundry service for towels and bedding (as needed), and preparation for guest arrivals. We ensure your property is spotless, welcoming, and ready for your next guests, maintaining the highest standards of cleanliness to enhance guest satisfaction.",$0.00,$0.00,false,"","",false
Home Cleaning,ind_dd88b46f5da742d7b8e679dc57dd329f,"9,401-9,700 Sq Ft","","",olit_55e6e4a7bb8c458db59723deb7999380,One-Time House Cleaning,"Perfect for a deep clean or special occasion. Our team works efficiently to give your home a detailed cleaning, leaving it spotless.",$849.72,$467.34,false,"","",false
Home Cleaning,ind_dd88b46f5da742d7b8e679dc57dd329f,"9,401-9,700 Sq Ft","","",olit_ebffd8ea8905406abd8c39cc53f0ac16,Initial House Cleaning,"The initial cleaning is a one-time, thorough cleaning to bring your home up to our high standards of cleanliness and sanitation. This comprehensive service lays the foundation for ongoing weekly, biweekly, or monthly maintenance, ensuring every surface shines and no detail is overlooked. The price for the initial cleaning is the same regardless of the frequency of your recurring service.",$680.33,$442.21,false,"","",false
Home Cleaning,ind_dd88b46f5da742d7b8e679dc57dd329f,"9,401-9,700 Sq Ft","","",olit_267207de5f194c22994e1b2f8273a943,Weekly House Cleaning,"Enjoy a consistently clean home without lifting a finger. Our trained team provides efficient, thorough cleaning every week so you can take back your time.",$405.82,$223.20,false,"","",false
Home Cleaning,ind_dd88b46f5da742d7b8e679dc57dd329f,"9,401-9,700 Sq Ft","","",olit_e14e0ef35d7a4483988325f805b8af77,Biweekly House Cleaning,"Keep your home fresh and tidy with biweekly visits from our expert team. We ensure thorough cleaning while maintaining your space with care.
",$542.26,$298.24,false,"","",false
Home Cleaning,ind_dd88b46f5da742d7b8e679dc57dd329f,"9,401-9,700 Sq Ft","","",olit_512b4278d2b0467c876cd75f2a5b0016,Moving Cleaning,"Leave the cleaning to us when moving in or out. Our highly trained team will handle the deep cleaning, making the space spotless for the next residents.

Garage cleaning can be added at an additional charge.",$1062.15,$584.18,false,"","",false
Home Cleaning,ind_dd88b46f5da742d7b8e679dc57dd329f,"9,401-9,700 Sq Ft","","",olit_e6adfffd254947198d4139f27c262dc3,Vacation Rental Cleaning,"Comprehensive cleaning service tailored for vacation rentals. Includes thorough cleaning of all rooms, sanitization of high-touch surfaces, meticulous attention to detail in kitchens and bathrooms, bed linen change, laundry service for towels and bedding (as needed), and preparation for guest arrivals. We ensure your property is spotless, welcoming, and ready for your next guests, maintaining the highest standards of cleanliness to enhance guest satisfaction.",$0.00,$0.00,false,"","",false
Home Cleaning,ind_dd88b46f5da742d7b8e679dc57dd329f,"9,701-10,000 Sq Ft","","",olit_94be8af443cb42dfa0ac4724cdc45339,One-Time House Cleaning,"Perfect for a deep clean or special occasion. Our team works efficiently to give your home a detailed cleaning, leaving it spotless.",$849.72,$467.34,false,"","",false
Home Cleaning,ind_dd88b46f5da742d7b8e679dc57dd329f,"9,701-10,000 Sq Ft","","",olit_2c56a0a9157c48babbde3f215e1dba5f,Initial House Cleaning,"The initial cleaning is a one-time, thorough cleaning to bring your home up to our high standards of cleanliness and sanitation. This comprehensive service lays the foundation for ongoing weekly, biweekly, or monthly maintenance, ensuring every surface shines and no detail is overlooked. The price for the initial cleaning is the same regardless of the frequency of your recurring service.",$680.33,$442.21,false,"","",false
Home Cleaning,ind_dd88b46f5da742d7b8e679dc57dd329f,"9,701-10,000 Sq Ft","","",olit_999e5798d0b74bbfa7df1a953cb93ac1,Weekly House Cleaning,"Enjoy a consistently clean home without lifting a finger. Our trained team provides efficient, thorough cleaning every week so you can take back your time.",$405.82,$223.20,false,"","",false
Home Cleaning,ind_dd88b46f5da742d7b8e679dc57dd329f,"9,701-10,000 Sq Ft","","",olit_1abc90a3b84d41d78aa14a208c8ce4d1,Biweekly House Cleaning,"Keep your home fresh and tidy with biweekly visits from our expert team. We ensure thorough cleaning while maintaining your space with care.
",$542.26,$298.24,false,"","",false
Home Cleaning,ind_dd88b46f5da742d7b8e679dc57dd329f,"7,901-8,200 Sq Ft","","",olit_e60045973192432986c3815c194a75c7,Copy of Monthly House Cleaning,"Get a fresh start every month. Our team of professionals will clean your home with care, making sure everything looks excellent.
",$565.74,$0.00,false,"","",false
Home Cleaning,ind_dd88b46f5da742d7b8e679dc57dd329f,"9,701-10,000 Sq Ft","","",olit_ae51768e20c44005ad1a7613e9d3dd0b,Moving Cleaning,"Leave the cleaning to us when moving in or out. Our highly trained team will handle the deep cleaning, making the space spotless for the next residents.

Garage cleaning can be added at an additional charge.",$1062.15,$584.18,false,"","",false
Home Cleaning,ind_dd88b46f5da742d7b8e679dc57dd329f,"9,701-10,000 Sq Ft","","",olit_19a8611d4e7e4403882fc5520b6805f0,Vacation Rental Cleaning,"Comprehensive cleaning service tailored for vacation rentals. Includes thorough cleaning of all rooms, sanitization of high-touch surfaces, meticulous attention to detail in kitchens and bathrooms, bed linen change, laundry service for towels and bedding (as needed), and preparation for guest arrivals. We ensure your property is spotless, welcoming, and ready for your next guests, maintaining the highest standards of cleanliness to enhance guest satisfaction.",$0.00,$0.00,false,"","",false
Home Cleaning,ind_dd88b46f5da742d7b8e679dc57dd329f,"10,001-10,300 Sq Ft","","",olit_15da9cf43127497cbd66698de3b882bb,One-Time House Cleaning,"Perfect for a deep clean or special occasion. Our team works efficiently to give your home a detailed cleaning, leaving it spotless.",$878.96,$483.42,false,"","",false
Home Cleaning,ind_dd88b46f5da742d7b8e679dc57dd329f,"10,001-10,300 Sq Ft","","",olit_1f0666ce2fef48678a2564b3b6d36b3a,Initial House Cleaning,"The initial cleaning is a one-time, thorough cleaning to bring your home up to our high standards of cleanliness and sanitation. This comprehensive service lays the foundation for ongoing weekly, biweekly, or monthly maintenance, ensuring every surface shines and no detail is overlooked. The price for the initial cleaning is the same regardless of the frequency of your recurring service.",$707.07,$459.59,false,"","",false
Home Cleaning,ind_dd88b46f5da742d7b8e679dc57dd329f,"10,001-10,300 Sq Ft","","",olit_1f65f746756749bab29a5d1bcd562f24,Weekly House Cleaning,"Enjoy a consistently clean home without lifting a finger. Our trained team provides efficient, thorough cleaning every week so you can take back your time.",$424.77,$233.62,false,"","",false
Home Cleaning,ind_dd88b46f5da742d7b8e679dc57dd329f,"10,001-10,300 Sq Ft","","",olit_faa9f8a0c7484743936e838d78951592,Biweekly House Cleaning,"Keep your home fresh and tidy with biweekly visits from our expert team. We ensure thorough cleaning while maintaining your space with care.
",$567.74,$312.25,false,"","",false
Home Cleaning,ind_dd88b46f5da742d7b8e679dc57dd329f,"10,001-10,300 Sq Ft","","",olit_c7a7a46d2573406584502884a87b82a1,Monthly House Cleaning,"Get a fresh start every month. Our team of professionals will clean your home with care, making sure everything looks excellent.
",$617.97,$339.88,false,"","",false
Home Cleaning,ind_dd88b46f5da742d7b8e679dc57dd329f,"10,001-10,300 Sq Ft","","",olit_1e41fe04f8ab4737b85265987f67ef69,Moving Cleaning,"Leave the cleaning to us when moving in or out. Our highly trained team will handle the deep cleaning, making the space spotless for the next residents.

Garage cleaning can be added at an additional charge.",$1098.70,$604.28,false,"","",false
Home Cleaning,ind_dd88b46f5da742d7b8e679dc57dd329f,"10,001-10,300 Sq Ft","","",olit_6ae4e9a8833f4a0fb6faa37b9ed46e79,Vacation Rental Cleaning,"Comprehensive cleaning service tailored for vacation rentals. Includes thorough cleaning of all rooms, sanitization of high-touch surfaces, meticulous attention to detail in kitchens and bathrooms, bed linen change, laundry service for towels and bedding (as needed), and preparation for guest arrivals. We ensure your property is spotless, welcoming, and ready for your next guests, maintaining the highest standards of cleanliness to enhance guest satisfaction.",$0.00,$0.00,false,"","",false
Home Cleaning,ind_dd88b46f5da742d7b8e679dc57dd329f,"10,301-10,600 Sq Ft","","",olit_e3aa7d6313304461809e11b7a6cba5b7,One-Time House Cleaning,"Perfect for a deep clean or special occasion. Our team works efficiently to give your home a detailed cleaning, leaving it spotless.",$893.59,$491.47,false,"","",false
Home Cleaning,ind_dd88b46f5da742d7b8e679dc57dd329f,"10,301-10,600 Sq Ft","","",olit_75659326315d4c6089699f4a4be4cb06,Initial House Cleaning,"The initial cleaning is a one-time, thorough cleaning to bring your home up to our high standards of cleanliness and sanitation. This comprehensive service lays the foundation for ongoing weekly, biweekly, or monthly maintenance, ensuring every surface shines and no detail is overlooked. The price for the initial cleaning is the same regardless of the frequency of your recurring service.",$720.44,$468.28,false,"","",false
Home Cleaning,ind_dd88b46f5da742d7b8e679dc57dd329f,"10,301-10,600 Sq Ft","","",olit_c289280902e5442e8c10dfe3efe78ce3,Weekly House Cleaning,"Enjoy a consistently clean home without lifting a finger. Our trained team provides efficient, thorough cleaning every week so you can take back your time.",$434.25,$238.83,false,"","",false
Home Cleaning,ind_dd88b46f5da742d7b8e679dc57dd329f,"10,301-10,600 Sq Ft","","",olit_45923e5c9d3a4680a4d3432e94b1d63e,Biweekly House Cleaning,"Keep your home fresh and tidy with biweekly visits from our expert team. We ensure thorough cleaning while maintaining your space with care.
",$580.48,$319.26,false,"","",false
Home Cleaning,ind_dd88b46f5da742d7b8e679dc57dd329f,"10,301-10,600 Sq Ft","","",olit_f4f981afd3204d448525c92fd8a757a1,Monthly House Cleaning,"Get a fresh start every month. Our team of professionals will clean your home with care, making sure everything looks excellent.
",$631.02,$347.06,false,"","",false
Home Cleaning,ind_dd88b46f5da742d7b8e679dc57dd329f,"10,301-10,600 Sq Ft","","",olit_200b1f37af7f49dbaf2cdd1853709137,Moving Cleaning,"Leave the cleaning to us when moving in or out. Our highly trained team will handle the deep cleaning, making the space spotless for the next residents.

Garage cleaning can be added at an additional charge.",$1116.98,$614.33,false,"","",false
Home Cleaning,ind_dd88b46f5da742d7b8e679dc57dd329f,"10,301-10,600 Sq Ft","","",olit_cd5d099bf89543848522698bc098adbc,Vacation Rental Cleaning,"Comprehensive cleaning service tailored for vacation rentals. Includes thorough cleaning of all rooms, sanitization of high-touch surfaces, meticulous attention to detail in kitchens and bathrooms, bed linen change, laundry service for towels and bedding (as needed), and preparation for guest arrivals. We ensure your property is spotless, welcoming, and ready for your next guests, maintaining the highest standards of cleanliness to enhance guest satisfaction.",$0.00,$0.00,false,"","",false
Home Cleaning,ind_dd88b46f5da742d7b8e679dc57dd329f,"10,601-10,900 Sq Ft","","",olit_b9336f886d7c44b7bcdf919024223f81,One-Time House Cleaning,"Perfect for a deep clean or special occasion. Our team works efficiently to give your home a detailed cleaning, leaving it spotless.",$908.21,$499.51,false,"","",false
Home Cleaning,ind_dd88b46f5da742d7b8e679dc57dd329f,"10,601-10,900 Sq Ft","","",olit_7fe7d4600fa047cd980f7599e0c39a8d,Initial House Cleaning,"The initial cleaning is a one-time, thorough cleaning to bring your home up to our high standards of cleanliness and sanitation. This comprehensive service lays the foundation for ongoing weekly, biweekly, or monthly maintenance, ensuring every surface shines and no detail is overlooked. The price for the initial cleaning is the same regardless of the frequency of your recurring service.",$733.81,$476.97,false,"","",false
Home Cleaning,ind_dd88b46f5da742d7b8e679dc57dd329f,"10,601-10,900 Sq Ft","","",olit_3f993b858e7149c39ffef1207faf2ac5,Weekly House Cleaning,"Enjoy a consistently clean home without lifting a finger. Our trained team provides efficient, thorough cleaning every week so you can take back your time.",$443.73,$244.05,false,"","",false
Home Cleaning,ind_dd88b46f5da742d7b8e679dc57dd329f,"10,601-10,900 Sq Ft","","",olit_effbfad4238f4fb682d97d5874eb3486,Biweekly House Cleaning,"Keep your home fresh and tidy with biweekly visits from our expert team. We ensure thorough cleaning while maintaining your space with care.
",$593.22,$326.27,false,"","",false
Home Cleaning,ind_dd88b46f5da742d7b8e679dc57dd329f,"10,601-10,900 Sq Ft","","",olit_c265b9c19a2f48f480e22f88a5e332ac,Monthly House Cleaning,"Get a fresh start every month. Our team of professionals will clean your home with care, making sure everything looks excellent.
",$644.08,$354.24,false,"","",false
Home Cleaning,ind_dd88b46f5da742d7b8e679dc57dd329f,"10,601-10,900 Sq Ft","","",olit_7ebadb68aa404bcabdfeaf5d99de454b,Vacation Rental Cleaning,"Comprehensive cleaning service tailored for vacation rentals. Includes thorough cleaning of all rooms, sanitization of high-touch surfaces, meticulous attention to detail in kitchens and bathrooms, bed linen change, laundry service for towels and bedding (as needed), and preparation for guest arrivals. We ensure your property is spotless, welcoming, and ready for your next guests, maintaining the highest standards of cleanliness to enhance guest satisfaction.",$0.00,$0.00,false,"","",false
Home Cleaning,ind_dd88b46f5da742d7b8e679dc57dd329f,"10,901-11,200 Sq Ft","","",olit_5c824560d7884c8399478bc7efcd2007,One-Time House Cleaning,"Perfect for a deep clean or special occasion. Our team works efficiently to give your home a detailed cleaning, leaving it spotless.",$922.83,$507.55,false,"","",false
Home Cleaning,ind_dd88b46f5da742d7b8e679dc57dd329f,"10,901-11,200 Sq Ft","","",olit_cd4149e78d3d46098e00ec9aa19d15f2,Initial House Cleaning,"The initial cleaning is a one-time, thorough cleaning to bring your home up to our high standards of cleanliness and sanitation. This comprehensive service lays the foundation for ongoing weekly, biweekly, or monthly maintenance, ensuring every surface shines and no detail is overlooked. The price for the initial cleaning is the same regardless of the frequency of your recurring service.",$747.18,$485.66,false,"","",false
Home Cleaning,ind_dd88b46f5da742d7b8e679dc57dd329f,"10,901-11,200 Sq Ft","","",olit_8d815a17fd14493da623bb1dfe1a9663,Weekly House Cleaning,"Enjoy a consistently clean home without lifting a finger. Our trained team provides efficient, thorough cleaning every week so you can take back your time.",$453.21,$249.26,false,"","",false
Home Cleaning,ind_dd88b46f5da742d7b8e679dc57dd329f,"10,901-11,200 Sq Ft","","",olit_8106eac6e4d34d8eb448acf161503cc3,Biweekly House Cleaning,"Keep your home fresh and tidy with biweekly visits from our expert team. We ensure thorough cleaning while maintaining your space with care.
",$605.97,$333.28,false,"","",false
Home Cleaning,ind_dd88b46f5da742d7b8e679dc57dd329f,"10,901-11,200 Sq Ft","","",olit_8eab6f5876964b1b8d2981a322ec910c,Monthly House Cleaning,"Get a fresh start every month. Our team of professionals will clean your home with care, making sure everything looks excellent.
",$657.13,$361.42,false,"","",false
Home Cleaning,ind_dd88b46f5da742d7b8e679dc57dd329f,"10,901-11,200 Sq Ft","","",olit_32b4fb3aa6fa4b8abc201c7da078f9e5,Moving Cleaning,"Leave the cleaning to us when moving in or out. Our highly trained team will handle the deep cleaning, making the space spotless for the next residents.

Garage cleaning can be added at an additional charge.",$1153.54,$634.44,false,"","",false
Home Cleaning,ind_dd88b46f5da742d7b8e679dc57dd329f,"10,901-11,200 Sq Ft","","",olit_18367553a3af4dddbcb01c89150c9171,Vacation Rental Cleaning,"Comprehensive cleaning service tailored for vacation rentals. Includes thorough cleaning of all rooms, sanitization of high-touch surfaces, meticulous attention to detail in kitchens and bathrooms, bed linen change, laundry service for towels and bedding (as needed), and preparation for guest arrivals. We ensure your property is spotless, welcoming, and ready for your next guests, maintaining the highest standards of cleanliness to enhance guest satisfaction.",$0.00,$0.00,false,"","",false
Home Cleaning,ind_dd88b46f5da742d7b8e679dc57dd329f,"11,201-11,500 Sq Ft","","",olit_7e96a9c22a2b40bcbaabe101a5de1f49,One-Time House Cleaning,"Perfect for a deep clean or special occasion. Our team works efficiently to give your home a detailed cleaning, leaving it spotless.",$937.45,$515.59,false,"","",false
Home Cleaning,ind_dd88b46f5da742d7b8e679dc57dd329f,"11,201-11,500 Sq Ft","","",olit_e2c359285bc249cfb24e906d1bcde3f4,Initial House Cleaning,"The initial cleaning is a one-time, thorough cleaning to bring your home up to our high standards of cleanliness and sanitation. This comprehensive service lays the foundation for ongoing weekly, biweekly, or monthly maintenance, ensuring every surface shines and no detail is overlooked. The price for the initial cleaning is the same regardless of the frequency of your recurring service.",$760.55,$494.35,false,"","",false
Home Cleaning,ind_dd88b46f5da742d7b8e679dc57dd329f,"11,201-11,500 Sq Ft","","",olit_9cb26d10e0f04400b5302936472a0654,Weekly House Cleaning,"Enjoy a consistently clean home without lifting a finger. Our trained team provides efficient, thorough cleaning every week so you can take back your time.",$462.69,$254.47,false,"","",false
Home Cleaning,ind_dd88b46f5da742d7b8e679dc57dd329f,"11,201-11,500 Sq Ft","","",olit_23f0e412d92e4bb98c608aa4c7bb234b,Biweekly House Cleaning,"Keep your home fresh and tidy with biweekly visits from our expert team. We ensure thorough cleaning while maintaining your space with care.
",$618.71,$340.29,false,"","",false
Home Cleaning,ind_dd88b46f5da742d7b8e679dc57dd329f,"11,201-11,500 Sq Ft","","",olit_cc5c3565640f427e98b7576265683d57,Monthly House Cleaning,"Get a fresh start every month. Our team of professionals will clean your home with care, making sure everything looks excellent.
",$670.19,$368.60,false,"","",false
Home Cleaning,ind_dd88b46f5da742d7b8e679dc57dd329f,"11,201-11,500 Sq Ft","","",olit_545823d67a9749d1814ca24625479a72,Moving Cleaning,"Leave the cleaning to us when moving in or out. Our highly trained team will handle the deep cleaning, making the space spotless for the next residents.

Garage cleaning can be added at an additional charge.",$1171.81,$644.49,false,"","",false
Home Cleaning,ind_dd88b46f5da742d7b8e679dc57dd329f,"11,201-11,500 Sq Ft","","",olit_db91c7d55fa04e42ac33ee8dda5650fd,Vacation Rental Cleaning,"Comprehensive cleaning service tailored for vacation rentals. Includes thorough cleaning of all rooms, sanitization of high-touch surfaces, meticulous attention to detail in kitchens and bathrooms, bed linen change, laundry service for towels and bedding (as needed), and preparation for guest arrivals. We ensure your property is spotless, welcoming, and ready for your next guests, maintaining the highest standards of cleanliness to enhance guest satisfaction.",$0.00,$0.00,false,"","",false
Home Cleaning,ind_dd88b46f5da742d7b8e679dc57dd329f,"9,401-9,700 Sq Ft","","",olit_a1dfd2193db34ca780854d4562f671fc,Monthly House Cleaning,"Get a fresh start every month. Our team of professionals will clean your home with care, making sure everything looks excellent.
",$591.86,$325.52,false,"","",false
Home Cleaning,ind_dd88b46f5da742d7b8e679dc57dd329f,"9,701-10,000 Sq Ft","","",olit_ba05c3d6debc40e29ad3dd25ac981071,Monthly House Cleaning,"Get a fresh start every month. Our team of professionals will clean your home with care, making sure everything looks excellent.
",$604.91,$332.70,false,"","",false
Window & Exterior Cleaning,ind_50413bdcbb67410da504845ec48af17d,Window Cleaning,"","",olit_77bd2c317ce647aebdbbaf0a4159ba1d,Interior Window Cleaning (Residential),"Thorough cleaning of interior window surfaces to enhance the clarity and appearance of your space. Our professional team uses expert techniques to ensure high-quality results with careful attention to detail. 

Please note that basic cleaning does not include the removal of adhesives, paint, or other strongly adhered materials.

*Pricing is per window",$10.00,$12.00,false,"","",false
Window & Exterior Cleaning,ind_50413bdcbb67410da504845ec48af17d,Window Cleaning,"","",olit_d743dd8b17ae4a6b9a6aa740e622b811,Exterior Window Cleaning (Residential),"Professional cleaning of exterior window surfaces, removing dirt and grime to improve the look of your property. Our skilled team provides reliable and detailed service, even for hard-to-reach windows. 

Basic cleaning excludes the removal of adhesives, paint, or other strongly adhered materials.

*Pricing is per window",$12.00,$0.00,false,"","",false
Window & Exterior Cleaning,ind_50413bdcbb67410da504845ec48af17d,Window Cleaning,"","",olit_731d481f7e894035995e2bf6874e530f,Interior Window Cleaning (Commercial),"Detailed cleaning of interior window surfaces to enhance the brightness and professionalism of your commercial space. Our experienced team ensures your windows are clean and well-maintained, creating a welcoming atmosphere for employees and clients. Basic cleaning does not include the removal of adhesives, paint, or other strongly adhered materials.",$0.00,$0.00,true,"","",false
Window & Exterior Cleaning,ind_50413bdcbb67410da504845ec48af17d,Window Cleaning,"","",olit_0720b1b1f6fd4c29906c38062b7f543a,Exterior Window Cleaning (Commercial),"Reliable and thorough cleaning of exterior window surfaces to improve the overall appearance of your commercial property. 

Our team specializes in handling large-scale projects and hard-to-reach areas, providing consistent and professional results. Basic cleaning excludes the removal of adhesives, paint, or other strongly adhered materials.",$0.00,$0.00,true,"","",false
Window & Exterior Cleaning,ind_50413bdcbb67410da504845ec48af17d,Window Cleaning,"","",olit_c03e71835332403d88422d18c1a8f671,Interior & Exterior Window Cleaning (Commercial): ,"Complete window cleaning service for both interior and exterior surfaces, designed to keep your commercial property looking its best. We focus on delivering professional-grade results, ensuring your windows are clean and presentable for employees, clients, and visitors. Removal of adhesives, paint, or other strongly adhered materials is not included in basic cleaning.",$0.00,$0.00,true,"","",false
Janitorial,ind_ddf8835196c9457d90af263be411cc43,Custom Services,"","",olit_396122f8832e497aacea7725e76331e2,EMCI Wireless: Office Cleaning,"Thorough office cleaning as outlined in the service agreement to keep your office looking pristine. 
Charge is $120 per week plus FL Sales Tax.",$120.00,$0.00,true,"","",false
Home Cleaning,ind_dd88b46f5da742d7b8e679dc57dd329f,Additional Services,"","",olit_4143c5586a4d453cb4de90d162ebce47,Cleaning For a Reason,"We believe that every home should be a sanctuary of comfort during life's toughest challenges. For patients undergoing cancer treatment, we offer two complimentary house cleaning sessions designed to lift a small burden from your shoulders. Each session is provided by two caring professionals for two hours, ensuring that your home remains a warm, peaceful haven where you can focus on healing and hope.",$0.00,$0.00,false,"","",false
Home Cleaning,ind_dd88b46f5da742d7b8e679dc57dd329f,"1,601-1,900 Sq Ft","","",olit_a5e2981ba3bb4750b3a11eeba56a53a8,Post-Renovation Cleaning,"Thorough cleaning of dust, debris, and construction residue, including detailed surface wiping, vacuuming, and floor care to make the space move-in ready. Does not include removal of heavy items such as drywall sheets or other construction materials",$875.25,$481.38,false,"","",false
Window & Exterior Cleaning,ind_50413bdcbb67410da504845ec48af17d,Misc. Services,"","",olit_62291c3a851d45e88a0cd18a5fbd238a,Screen Repair,"Damaged or torn screens can let in pests and compromise your comfort. We'll fix or replace them, ensuring a seamless look and optimal airflow.",$0.00,$0.00,false,"","",false
Janitorial,ind_ddf8835196c9457d90af263be411cc43,Custom Services,"","",olit_6479aef22e9748be925ed2ec3f9a8929,Myerlee Circle: HOA Clubhouse Cleaning,"Comprehensive cleaning of clubhouse per service agreement. Includes full restroom cleaning, kitchen floor and surface cleaning, trash removal, and wiping of outdoor tables at each visit. Alternating visits also include vacuuming of clubhouse floors, wiping of interior tables and high-touch surfaces, and main room dusting per outlined rotational schedule.",$145.00,$0.00,false,"","",false
Janitorial,ind_ddf8835196c9457d90af263be411cc43,Custom Services,"","",olit_2c32872063e34b528be9c31416c96733,Richmond's Hidden Gardens: Clubhouse Cleaning,"Keep your clubhouse sparkling and inviting with our professional cleaning service. We ensure every area is thoroughly sanitized—restrooms, floors, and common spaces—creating a fresh, welcoming environment for all guests and members to enjoy.

Full description of services is outlined in Service Agreement.

Pricing: 
Biweekly Cleaning: $149 per cleaning
Weekly Cleaning: $125 per cleaning

Invoice Notes: 
Checks should be sent to:
Connect Cleaning
14831 Reflection Key Cir. #1712
Fort Myers, FL 33907

Cleaning Dates:
6/18/25",$149.00,$0.00,false,"","",false
Home Cleaning,ind_dd88b46f5da742d7b8e679dc57dd329f,House Cleaning: Floors & Bathrooms Only,"","",olit_bce23a8629674d6bb725accdfa0c649a,Bathroom & Floors Cleaning,"Enjoy a sparkling clean bathroom and spotless floors! Our Bathroom & Floors Cleaning service removes grime, soap scum, and germs, leaving your space fresh and hygienic. Protect your home’s health and enjoy a welcoming, refreshed environment every time.",$0.00,$0.00,false,"","",false
Home Cleaning,ind_dd88b46f5da742d7b8e679dc57dd329f,Add-Ons,"","",olit_e7b99c44751448e0ba4bb8b515be9579,Fridge Interior Cleaning,"Thorough cleaning of the refrigerator’s interior. Please note: some stains, odors, or discoloration may not be fully removable.",$40.00,$20.00,false,"","",false
Home Cleaning,ind_dd88b46f5da742d7b8e679dc57dd329f,Add-Ons,"","",olit_d735f4d7d2344ebc8f09cb94f7915c30,Oven Interior Cleaning,Thorough cleaning of the oven’s interior. Please note: some heavy stains and burnt-on residue may not be fully removable.,$40.00,$20.00,false,"","",false
Home Cleaning,ind_dd88b46f5da742d7b8e679dc57dd329f,"10,601-10,900 Sq Ft","","",olit_dc67b9fad81d4a6b942b9a392e24c62d,Moving Cleaning,"Leave the cleaning to us when moving in or out. Our highly trained team will handle the deep cleaning, making the space spotless for the next residents.

Garage cleaning can be added at an additional charge.",$1135.26,$624.39,false,"","",false
Home Cleaning,ind_dd88b46f5da742d7b8e679dc57dd329f,Additional Services,"","",olit_ae97edd5ccc74e6e9c1f74ed5d21d228,Post-Construction Cleaning,"Our Post-Construction Cleaning service removes dust, debris, and residue left behind after renovations or building projects. We ensure your home is spotless, safe, and move-in ready—saving you time and protecting your family’s health and comfort.",$0.00,$0.00,false,"","",false
Janitorial,ind_ddf8835196c9457d90af263be411cc43,Custom Services,"","",olit_4526b041e20646f198ab431aeeacdf4d,Oaks Community Church: Office Cleaning,"Keep your offices welcoming and presentable with our professional office cleaning service. We remove dust, sanitize surfaces, and ensure a tidy workspace, helping your team and visitors stay healthy and focused.",$180.00,$100.00,false,"","",false
Janitorial,ind_ddf8835196c9457d90af263be411cc43,Custom Services,"","",olit_9166122dc5a24b419f8a543faa9c83cb,Office Cleaning for Powerhouse Home Services,"Keep your workspace spotless and healthy with our professional office cleaning service. We remove dust, sanitize surfaces, and ensure a welcoming environment, boosting productivity and impressing clients. Trust us for a cleaner, brighter office!",$180.00,$95.00,false,"","",false
Home Cleaning,ind_dd88b46f5da742d7b8e679dc57dd329f,Additional Services,"","",olit_809370b462c5439d9b90a2df532f67ea,Tile & Grout Cleaning,"Restore the beauty of your tile floors with our professional Tile & Grout Cleaning using a powerful truck-mount system. We remove deep-down dirt and stains, leaving your surfaces sparkling clean and sanitized—improving appearance and prolonging floor life.",$0.00,$0.00,false,"","",false
Home Cleaning,ind_dd88b46f5da742d7b8e679dc57dd329f,Credit Card Fee,"","",olit_bf73aae29ec84881a4d1f3e544d26bb9,Credit Card Fee (3%) ,(House Cleaning),$0.03,$0.00,false,"","",false
Janitorial,ind_ddf8835196c9457d90af263be411cc43,Credit Card Fee,"","",olit_d0cfecab328740bd86ff8a73c8ff46e7,Credit Card Fee (3%),"",$0.03,$0.00,false,"","",false
Window & Exterior Cleaning,ind_50413bdcbb67410da504845ec48af17d,Window Cleaning,"","",olit_9a84053e7bfc4b15a0eb1c0ecb91edb3,Credit Card Fee (3%),"",$0.03,$0.00,false,"","",false
Janitorial,ind_ddf8835196c9457d90af263be411cc43,Office Cleaning,"","",olit_6df9095e2e1749469fa4bc6a4ea71c15,Office Cleaning,"Includes wiping surfaces, disinfecting high-touch areas, emptying trash, restocking supplies, cleaning kitchens/breakrooms, dusting, sweeping/vacuuming floors, and mopping hard surfaces. All work performed to maintain a clean, safe, and professional workspace.",$0.00,$0.00,true,"","",false
Janitorial,ind_ddf8835196c9457d90af263be411cc43,Custom Services,"","",olit_b436251c38714b08891918994caa552d,Janitorial Cleaning: NFM Church of the Nazarene,"A rotating cleaning schedule designed for both cleanliness and budget efficiency. Every other week, we perform a full cleaning (dusting, full restrooms, floors, surfaces, and full vacuuming). On the alternating weeks, we perform a light service that includes trash removal throughout the facility, a light restroom cleaning, and spot-vacuuming of high-traffic areas. This option keeps the church fresh weekly while reducing overall cost.",$0.00,$165.00,false,"","",false
Window & Exterior Cleaning,ind_50413bdcbb67410da504845ec48af17d,Misc. Services,"","",olit_435457712d99465690994eac62a47b31,Window Track Cleaning,A thorough cleaning of your window tracks to remove built-up dirt and grime and keep your windows sliding smoothly,$0.00,$0.00,false,"","",false
Window & Exterior Cleaning,ind_50413bdcbb67410da504845ec48af17d,Misc. Services,"","",olit_778461e1edf94c9fb208fff78366d088,Lanai Screen Cleaning ,"Thorough cleaning of your lanai screen from the outside to remove built-up bugs, dirt, and grime.",$0.00,$0.00,false,"","",false
Window & Exterior Cleaning,ind_50413bdcbb67410da504845ec48af17d,Window Cleaning,"","",olit_a81bb0ab2618416389cedf6678ffb044,Interior Glass Cleaning,"Detailed cleaning of glass inside a home or property, such as glass enclosures, doors, or balconies.",$0.00,$0.00,false,"","",false
Janitorial,ind_ddf8835196c9457d90af263be411cc43,Custom Services,"","",olit_daeca6a4e4aa439782662875bf92e199,Martinique Condominium Association: Initial Deep Clean,"Our Initial Deep Clean for Martinique Condominium Association delivers a thorough top-to-bottom cleaning of all spaces outlined in the Service Agreement. This service ensures a spotless, healthy environment, eliminates built-up grime, and provides a sparkling welcome for residents and guests.",$0.00,$0.00,false,"","",false
Janitorial,ind_ddf8835196c9457d90af263be411cc43,Estimate,"","",olit_fd2befaaab7642d4a6ac350280728a49,Estimate,We'll come take a look at your property to gather some information on-site and discuss best options to get the job completed!,$0.00,$0.00,false,"","",true
Janitorial,ind_ddf8835196c9457d90af263be411cc43,Custom Services,"","",olit_6db81b6c8e9d41cf8ffbb168acc73139,Martinique Condominium Association: Weekly Cleaning,"Weekly Cleaning of Clubhouse, Residential Hallways, & Laundry Rooms as outlined in Service Agreement.",$275.00,$0.00,false,"","",false
Window & Exterior Cleaning,ind_50413bdcbb67410da504845ec48af17d,Pressure Washing,House Washing (Soft Wash),"",olit_20c1324a5c4443c2b4578e77a94396f8,Small: House Wash (Soft Wash) ,"Revitalize your home’s exterior with our House Soft Wash, including a thorough cleaning of soffit and fascia. Our gentle, effective process removes dirt, mold, and mildew, enhancing curb appeal and protecting your home from premature wear.",$0.00,$0.00,false,"","",false
Window & Exterior Cleaning,ind_50413bdcbb67410da504845ec48af17d,Pressure Washing,Driveway Pressure Washing,"",olit_d4420a5ec2b1497aae42ef7b84abfda7,Pressure Washing: 1-2 Car Driveway,"",$0.00,$0.00,false,"","",false
Window & Exterior Cleaning,ind_50413bdcbb67410da504845ec48af17d,Pressure Washing,Driveway Pressure Washing,"",olit_bd5a534c758344dabfbf0136ab735370,Pressure Washing: 3-4 Car Diveway,"",$0.00,$0.00,false,"","",false
Window & Exterior Cleaning,ind_50413bdcbb67410da504845ec48af17d,Pressure Washing,Driveway Pressure Washing,"",olit_b491af3e75a747cd895cf8b8826d7881,Pressure Washing: 5-6 Car Driveway,"",$0.00,$0.00,false,"","",false
Window & Exterior Cleaning,ind_50413bdcbb67410da504845ec48af17d,Pressure Washing,Driveway Pressure Washing,"",olit_7d5035f76118407090a1e036a9ddfcb7,Pressure Washing: 7+ Car Driveway,"",$0.00,$0.00,false,"","",false
Window & Exterior Cleaning,ind_50413bdcbb67410da504845ec48af17d,Misc. Services,"","",olit_3c397aacc96d46a2a9916280250b91c6,Hurricane Shutter Track Cleaning,"Keep your hurricane shutters working smoothly with our professional track cleaning service. We remove dirt, debris, and buildup to ensure easy operation and extend the life of your shutters.",$0.00,$0.00,false,"","",false
Property Manager,ind_b9613f32edc644bfa6c7e09b40798b8d,Property manager,Property manager,Property Management Services,olit_0f1b0a6648a4406aaa60d893506cc831,Non-Cleaning Subcontracted Work,"Use this line item when subcontracting work outside of our scope, such as pool cleaning, alwn maintenance, or locksmith work.",$0.00,$0.00,false,"","",false
Carpet Cleaning,ind_6f5669f2e08d48f4b0e868996396281c,Floor Cleaning,"","",olit_4fdeae679e0d43cb9c55197b4a962089,Carpet Cleaning,"Restore your carpets' freshness and appearance with our professional Truck Mount Carpet Cleaning. Deep steam extraction removes dirt, stains, and allergens, leaving your home healthier and carpets looking like new. Perfect for families and pet owners!

*Stain and Wear Path Removal is not guaranteed",$0.00,$0.00,false,"","",false
Carpet Cleaning,ind_6f5669f2e08d48f4b0e868996396281c,Floor Cleaning,"","",olit_8a6a9deaacd3432eb4b68cc32b659384,Tile & Grout Cleaning,"Restore the beauty of your tile and grout with our professional truck-mounted tile cleaning service. Powerful equipment removes deep-seated dirt, stains, and bacteria, leaving your floors sparkling clean, sanitized, and looking like new.",$0.00,$0.00,false,"","",false
Window & Exterior Cleaning,ind_50413bdcbb67410da504845ec48af17d,Pressure Washing,Driveway Pressure Washing,"",olit_468c1aace3a5472488d5f4457fc5570f,Pressure Washing (General),"",$0.00,$0.00,false,"","",false
Home Cleaning,ind_dd88b46f5da742d7b8e679dc57dd329f,Additional Services,"","",olit_17097374540645309d9a7236a27531f2,Vacation Rental: Restocked Items,"Supplies purchased and restocked for your vacation rental (toilet paper, paper towels, trash bags, etc.). See attached receipts.

Does not include Service Fee.",$0.00,$0.00,false,"","",false
Home Cleaning,ind_dd88b46f5da742d7b8e679dc57dd329f,Additional Services,"","",olit_ca4469f28e964f04b5c0272c1677c221,Vacation Rental: Restocking Fee (20%),"Covers time spent sourcing, purchasing, transporting, and organizing supplies. Calculated as 20% of total restocking cost.",$0.00,$0.00,false,"","",false
Home Cleaning,ind_dd88b46f5da742d7b8e679dc57dd329f,Additional Services,"","",olit_47fc4e1dc1fc4b9fa087f5c593e90a22,Garage Top-To-Bottom Deep Cleaning (2-Car),"A complete reset for your garage. We deep clean floors, walls, shelves, and surfaces to remove built-up dirt, dust, cobwebs, and grime—leaving the space cleaner, safer, and actually usable again.

Includes:
-Full floor cleaning (sweep, degrease, and wash)
-Wall and corner dust/cobweb removal
-Shelving and surface wipe-down
-Detail work in edges, corners, and hard-to-reach areas
-Blow-out of loose debris

Best Results:
For the best possible outcome, we recommend emptying out as much of the garage as possible before we arrive. The more open the space, the deeper we can clean.",$0.00,$297.52,false,"","",false
Janitorial,ind_ddf8835196c9457d90af263be411cc43,Custom Services,"","",olit_0101a7823f874515903bf910c369da30,Ritz-Carlton Residences: Post-Construction Final Detail Clean – Common Areas,"Detailed cleaning of accessible horizontal surfaces including counters, tables, and desks to remove residual construction dust and debris. Light dusting and wiping of upholstered furnishings. Multi-step professional floor cleaning of polished terrazzo and fitness center rubber flooring using commercial auto-scrubbing equipment — multiple passes as needed to eliminate post-construction buildup and achieve a uniform, haze-free finish. Final detail pass throughout all common areas to ensure the space is presentation-ready for occupancy.",$0.00,$6500.00,false,"","",false
Window & Exterior Cleaning,ind_50413bdcbb67410da504845ec48af17d,Window Cleaning,"","",olit_4017a4ff8e3e411b95f7f4bcf278f2a3,Gold Package,"✅ Interior Window Cleaning
✅ Exterior Window Cleaning
✅ Screens Cleaned (FREE)
✅ Tracks Cleaned
✅ Sills & Frames Detailed
✅ House Soft Wash (Walls, Soffits, Fascia, Gutter Exteriors)",$0.40,$0.00,false,Sq. Ft.,"",true
Window & Exterior Cleaning,ind_50413bdcbb67410da504845ec48af17d,Window Cleaning,"","",olit_1bc8711bf714431ca6a56041a2283b05,Silver Package,"A detailed window cleaning for crystal-clear results inside and out.

✅ Interior Window Cleaning
✅ Exterior Window Cleaning
✅ Screens Cleaned
❌ Tracks Cleaned
✅ Sills & Frames Detailed
❌ House Soft Wash",$0.19,$0.00,false,Sq. Ft.,"",true
Window & Exterior Cleaning,ind_50413bdcbb67410da504845ec48af17d,Window Cleaning,"","",olit_45e5ebcc5f2e4337b041e5d73f4cde92,Bronze Package,"A simple, budget-friendly option to maintain curb appeal.

❌ Interior Window Cleaning
✅ Exterior Window Cleaning
✅ Screens Cleaned (FREE)
❌ Tracks Cleaned
❌ Sills & Frames Detailed
❌ House Soft Wash",$0.10,$0.00,false,Sq. Ft.,"",true
Window & Exterior Cleaning,ind_50413bdcbb67410da504845ec48af17d,Window Cleaning,"","",olit_a26d7a1f3e804c43a0210b46ab0d0fbb,Window Cleaning Promotion,"A detailed window cleaning for crystal-clear results inside and out.

✅ Interior Window Cleaning
✅ Exterior Window Cleaning
✅ Screens Cleaned
❌ Tracks Cleaned
✅ Sills & Frames Detailed
❌ House Soft Wash",$197.00,$0.00,false,Each,"",true
Janitorial,ind_ddf8835196c9457d90af263be411cc43,Custom Services,"","",olit_d568be59ef194935a6b44c05a1c1f30d,Monarch Luxury Apartments: Janitorial Cleaning,"Cleaning and sanitizing of clubhouse, restrooms, fitness center, pet spa, and mail room; dusting and wiping surfaces; vacuuming, sweeping, and mopping floors; trash removal; disinfecting high-touch areas; spot cleaning glass, mirrors, walls, elevators, and common areas to maintain luxury property standards.",$0.00,$0.00,false,"","",false
Window & Exterior Cleaning,ind_50413bdcbb67410da504845ec48af17d,Misc. Services,"","",olit_e14748c0642740aa9655df42c1975d0f,Adhesive Removal,"Removal of glue, tape residue, or other sticky materials from glass

Cost is per window",$0.00,$10.00,false,"","",false
Janitorial,ind_ddf8835196c9457d90af263be411cc43,Post-Construction (Commercial),"","",olit_f86facc6ce4d4525bd78e7ac193fc203,Construction Rough Clean (Commercial),"Our Construction Rough Clean service removes dust, debris, and leftover materials from your commercial space after construction. We create a safer, cleaner environment, preparing your property for finishing touches and ensuring a smooth transition to the next phase.",$0.00,$0.00,false,"","",false
Janitorial,ind_ddf8835196c9457d90af263be411cc43,Post-Construction (Commercial),"","",olit_f5da9fb6d9574c69b5575f3b21e1cf99,Post-Construction Final Clean (Commercial),"Our Post-Construction Final Clean ensures your new commercial space is clean, safe, and move-in ready. We remove dust, debris, and residues, leaving a polished, professional finish. Trust us for a fresh start and a welcoming environment for your business.",$0.00,$0.00,false,"","",false
Home Cleaning,ind_dd88b46f5da742d7b8e679dc57dd329f,Custom Services,Monarch Apartment Cleaning,"",olit_eee4978a384e44cea299bcd0b10c64c7,1 Bedroom Turnover Cleaning  ,"Move-Out Cleaning – Comprehensive cleaning to prepare the unit for turnover, showing, or move-in. Includes cleaning of kitchens, bathrooms, floors, fixtures, and accessible surfaces throughout the unit.

Note: Appliances and other heavy items will not be moved; cleaning is limited to accessible areas.
",$200.00,$0.00,false,Each,"",false
Home Cleaning,ind_dd88b46f5da742d7b8e679dc57dd329f,Custom Services,Monarch Apartment Cleaning,"",olit_502725130d3841d19cea249caf7766f8,2 Bedroom Turnover Cleaning,"Move-Out Cleaning – Comprehensive cleaning to prepare the unit for turnover, showing, or move-in. Includes cleaning of kitchens, bathrooms, floors, fixtures, and accessible surfaces throughout the unit.

Note: Appliances and other heavy items will not be moved; cleaning is limited to accessible areas.
",$250.00,$0.00,false,Each,"",false
Home Cleaning,ind_dd88b46f5da742d7b8e679dc57dd329f,Custom Services,Monarch Apartment Cleaning,"",olit_14b819594dad4623b65c745933ab3d70,3 Bedroom Turnover Cleaning,"Move-Out Cleaning – Comprehensive cleaning to prepare the unit for turnover, showing, or move-in. Includes cleaning of kitchens, bathrooms, floors, fixtures, and accessible surfaces throughout the unit.

Note: Appliances and other heavy items will not be moved; cleaning is limited to accessible areas.
",$285.00,$0.00,false,Each,"",false
Home Cleaning,ind_dd88b46f5da742d7b8e679dc57dd329f,Custom Services,Monarch Apartment Cleaning,"",olit_4a00dc9a42ca4076abaea4ff5bc27526,1 Bedroom Light Refresh Cleaning,"Touch-up cleaning of an already cleaned unit to ensure it is fresh, presentable, and move-in/ showing ready. Includes dusting of accessible surfaces, wipe-down of high-touch areas, spot cleaning as needed, and a final quality. ",$100.00,$0.00,false,"","",false
Home Cleaning,ind_dd88b46f5da742d7b8e679dc57dd329f,Custom Services,Monarch Apartment Cleaning,"",olit_bffc0b13519f433a82550df3e88a3e74,2 Bedroom Light Refresh Cleaning,"Touch-up cleaning of an already cleaned unit to ensure it is fresh, presentable, and move-in/ showing ready. Includes dusting of accessible surfaces, wipe-down of high-touch areas, spot cleaning as needed, and a final quality. ",$125.00,$0.00,false,Each,"",false
Home Cleaning,ind_dd88b46f5da742d7b8e679dc57dd329f,Custom Services,Monarch Apartment Cleaning,"",olit_33759ffaf6b84d4f86c8f2f6e74adc2b,3 Bedroom Light Refresh Cleaning,"Touch-up cleaning of an already cleaned unit to ensure it is fresh, presentable, and move-in/ showing ready. Includes dusting of accessible surfaces, wipe-down of high-touch areas, spot cleaning as needed, and a final quality. ",$142.50,$0.00,false,Each,"",false
Home Cleaning,ind_dd88b46f5da742d7b8e679dc57dd329f,"0-1,000 Sq Ft","","",olit_c7b77e61584941c19a9f861e9d5f4c48,Post-Renovation Cleaning ,"Post-Renovation Cleaning removes dust, debris, and construction residue, leaving your home spotless and move-in ready. Our thorough service ensures a safe, fresh, and comfortable living space after remodeling, so you can enjoy your newly improved home.",$450.00,$0.00,false,"","",false
Home Cleaning,ind_dd88b46f5da742d7b8e679dc57dd329f,"1,001-1,300 Sq Ft","","",olit_86f775a586b749cca6dc04dd4d8d78b9,Post-Renovation Cleaning,"Post-Renovation Cleaning removes dust, debris, and construction residue, leaving your home spotless and move-in ready. Our thorough service ensures a safe, fresh, and comfortable living space after remodeling, so you can enjoy your newly improved home.",$575.00,$316.25,false,"","",false
Home Cleaning,ind_dd88b46f5da742d7b8e679dc57dd329f,"1,301-1,600 Sq Ft","","",olit_2d5a33a73a4d450c87d4afc38be57904,Post-Renovation Cleaning,"Post-Renovation Cleaning removes dust, debris, and construction residue, leaving your home spotless and move-in ready. Our thorough service ensures a safe, fresh, and comfortable living space after remodeling, so you can enjoy your newly improved home.",$725.25,$398.88,false,"","",false
Home Cleaning,ind_dd88b46f5da742d7b8e679dc57dd329f,"1,901-2,200 Sq Ft","","",olit_874d16810ac549bf84640236f5cea170,Post-Renovation Cleaning,"Post-Renovation Cleaning removes dust, debris, and construction residue, leaving your home spotless and move-in ready. Our thorough service ensures a safe, fresh, and comfortable living space after remodeling, so you can enjoy your newly improved home.",$1025.25,$563.88,false,"","",false
Home Cleaning,ind_dd88b46f5da742d7b8e679dc57dd329f,"2,201-2,500 Sq Ft","","",olit_e77901f2d3844a53b622dcb498eb597e,Post-Renovation Cleaning,"Post-Renovation Cleaning removes dust, debris, and construction residue, leaving your home spotless and move-in ready. Our thorough service ensures a safe, fresh, and comfortable living space after remodeling, so you can enjoy your newly improved home.",$1175.25,$646.38,false,"","",false
Home Cleaning,ind_dd88b46f5da742d7b8e679dc57dd329f,"2,501-2,800 Sq Ft","","",olit_32c2e80d6dd24dab97d49d062bf77ddd,Post-Renovation Cleaning,"Post-Renovation Cleaning removes dust, debris, and construction residue, leaving your home spotless and move-in ready. Our thorough service ensures a safe, fresh, and comfortable living space after remodeling, so you can enjoy your newly improved home.",$1325.25,$728.88,false,"","",false
Home Cleaning,ind_dd88b46f5da742d7b8e679dc57dd329f,"2,801-3,100 Sq Ft","","",olit_284427239fad49dd94da540a5f0ed81b,Post-Renovation Cleaning,"Post-Renovation Cleaning removes dust, debris, and construction residue, leaving your home spotless and move-in ready. Our thorough service ensures a safe, fresh, and comfortable living space after remodeling, so you can enjoy your newly improved home.",$1475.25,$811.38,false,"","",false
Home Cleaning,ind_dd88b46f5da742d7b8e679dc57dd329f,"3,101-3,400 Sq Ft","","",olit_755caaec892d4c7a894b21a558656e5e,Post-Renovation Cleaning,"Post-Renovation Cleaning removes dust, debris, and construction residue, leaving your home spotless and move-in ready. Our thorough service ensures a safe, fresh, and comfortable living space after remodeling, so you can enjoy your newly improved home.",$1625.25,$893.88,false,"","",false
Home Cleaning,ind_dd88b46f5da742d7b8e679dc57dd329f,"3,401-3,700 Sq Ft","","",olit_83dc1d78e91c496891f48d58f501583b,Post-Renovation Cleaning,"Post-Renovation Cleaning removes dust, debris, and construction residue, leaving your home spotless and move-in ready. Our thorough service ensures a safe, fresh, and comfortable living space after remodeling, so you can enjoy your newly improved home.",$1775.25,$976.38,false,"","",false
Home Cleaning,ind_dd88b46f5da742d7b8e679dc57dd329f,"3,701-4,000 Sq Ft","","",olit_d7411a805b2040a1bfff22af4433147a,Post-Renovation Cleaning,"Post-Renovation Cleaning removes dust, debris, and construction residue, leaving your home spotless and move-in ready. Our thorough service ensures a safe, fresh, and comfortable living space after remodeling, so you can enjoy your newly improved home.",$1925.25,$1058.88,false,"","",false
Home Cleaning,ind_dd88b46f5da742d7b8e679dc57dd329f,"4,001-4,300 Sq Ft","","",olit_791172d6e84841389dfa19c96c4519ca,Post-Renovation Cleaning,"Post-Renovation Cleaning removes dust, debris, and construction residue, leaving your home spotless and move-in ready. Our thorough service ensures a safe, fresh, and comfortable living space after remodeling, so you can enjoy your newly improved home.",$2075.25,$1141.38,false,"","",false
Home Cleaning,ind_dd88b46f5da742d7b8e679dc57dd329f,"4,301-4,600 Sq Ft","","",olit_7e718a427e9b4fb8b4834c5bec7b14ee,Post-Renovation Cleaning,"Post-Renovation Cleaning removes dust, debris, and construction residue, leaving your home spotless and move-in ready. Our thorough service ensures a safe, fresh, and comfortable living space after remodeling, so you can enjoy your newly improved home.",$2225.25,$1223.88,false,"","",false
Home Cleaning,ind_dd88b46f5da742d7b8e679dc57dd329f,"4,601-4,900 Sq Ft","","",olit_07cb79ab2b184bd5b9d9383f037ebfb6,Post-Renovation Cleaning,"Post-Renovation Cleaning removes dust, debris, and construction residue, leaving your home spotless and move-in ready. Our thorough service ensures a safe, fresh, and comfortable living space after remodeling, so you can enjoy your newly improved home.",$2375.25,$1306.38,false,"","",false
Home Cleaning,ind_dd88b46f5da742d7b8e679dc57dd329f,"4,901-5,200 Sq Ft","","",olit_42ca82c84b7948d390392016db20a2db,Post-Renovation Cleaning,"Post-Renovation Cleaning removes dust, debris, and construction residue, leaving your home spotless and move-in ready. Our thorough service ensures a safe, fresh, and comfortable living space after remodeling, so you can enjoy your newly improved home.",$2375.25,$1306.38,false,"","",false
Home Cleaning,ind_dd88b46f5da742d7b8e679dc57dd329f,"5,201-5,500 Sq Ft","","",olit_077ebc3714e84a55a22226df66b6bab4,Post-Renovation Cleaning,"Post-Renovation Cleaning removes dust, debris, and construction residue, leaving your home spotless and move-in ready. Our thorough service ensures a safe, fresh, and comfortable living space after remodeling, so you can enjoy your newly improved home.",$2675.25,$1471.38,false,"","",false
Home Cleaning,ind_dd88b46f5da742d7b8e679dc57dd329f,"5,501-5,800 Sq Ft","","",olit_3cd33c64f3964b918f76ce9151f18fee,Post-Renovation Cleaning,"Post-Renovation Cleaning removes dust, debris, and construction residue, leaving your home spotless and move-in ready. Our thorough service ensures a safe, fresh, and comfortable living space after remodeling, so you can enjoy your newly improved home.",$2825.25,$1553.88,false,"","",false
Home Cleaning,ind_dd88b46f5da742d7b8e679dc57dd329f,"5,801-6,100 Sq Ft","","",olit_30b68eee096c400ca40ada44bb2619bc,Post-Renovation Cleaning,"Post-Renovation Cleaning removes dust, debris, and construction residue, leaving your home spotless and move-in ready. Our thorough service ensures a safe, fresh, and comfortable living space after remodeling, so you can enjoy your newly improved home.",$2975.25,$1636.38,false,"","",false
Home Cleaning,ind_dd88b46f5da742d7b8e679dc57dd329f,"6,101-6,400 Sq Ft","","",olit_294e10769ffd47739b119e0c0f556eb7,Post-Renovation Cleaning,"Post-Renovation Cleaning removes dust, debris, and construction residue, leaving your home spotless and move-in ready. Our thorough service ensures a safe, fresh, and comfortable living space after remodeling, so you can enjoy your newly improved home.",$3125.25,$1718.88,false,"","",false
Home Cleaning,ind_dd88b46f5da742d7b8e679dc57dd329f,"6,401-6,700 Sq Ft","","",olit_081cdfb01f394be7ab7c48ad60cd5fc3,Post-Renovation Cleaning,"Post-Renovation Cleaning removes dust, debris, and construction residue, leaving your home spotless and move-in ready. Our thorough service ensures a safe, fresh, and comfortable living space after remodeling, so you can enjoy your newly improved home.",$3275.25,$1801.38,false,"","",false
Home Cleaning,ind_dd88b46f5da742d7b8e679dc57dd329f,"6,701-7,000 Sq Ft","","",olit_c073c78a9cbe45e5a09918f00ead904e,Post-Renovation Cleaning ,"Post-Renovation Cleaning removes dust, debris, and construction residue, leaving your home spotless and move-in ready. Our thorough service ensures a safe, fresh, and comfortable living space after remodeling, so you can enjoy your newly improved home.",$3425.25,$1883.88,false,"","",false
Home Cleaning,ind_dd88b46f5da742d7b8e679dc57dd329f,"7,001-7,300 Sq Ft","","",olit_4f948e0725be4195b0f13e15813caccb,Post-Renovation Cleaning ,"Post-Renovation Cleaning removes dust, debris, and construction residue, leaving your home spotless and move-in ready. Our thorough service ensures a safe, fresh, and comfortable living space after remodeling, so you can enjoy your newly improved home.",$3575.25,$1996.38,false,"","",false
Home Cleaning,ind_dd88b46f5da742d7b8e679dc57dd329f,"7,301-7,600 Sq Ft","","",olit_fd06029061d84047a93eca3b7b39ef3e,Post-Renovation Cleaning,"Post-Renovation Cleaning removes dust, debris, and construction residue, leaving your home spotless and move-in ready. Our thorough service ensures a safe, fresh, and comfortable living space after remodeling, so you can enjoy your newly improved home.",$3725.25,$2048.88,false,"","",false
Home Cleaning,ind_dd88b46f5da742d7b8e679dc57dd329f,"7,601-7,900 Sq Ft","","",olit_2ada58c2c92949bb8207799d07450225,Post-Renovation Cleaning,"Post-Renovation Cleaning removes dust, debris, and construction residue, leaving your home spotless and move-in ready. Our thorough service ensures a safe, fresh, and comfortable living space after remodeling, so you can enjoy your newly improved home.",$3875.25,$2131.38,false,"","",false
